2025-05-27,ID001,COMPANY A,,PERU,25085,82902,8791,3373,381,2496,8590,859,17241,14447,19523
2025-05-27,ID002,COMPANY B,CHIAPAS,MEXICO,62917,20777,1922,3592,9921,2137,9864,986,11817,19514,37999
2025-05-27,ID002,COMPANY B,,ZAMBIA,78399,85001,8197,2815,4179,2261,209,21,16345,19882,215
2025-05-26,ID002,COMPANY B,,AZERBAIJAN,92675,93337,2124,3404,7379,5427,6662,666,8589,4981,16633
2025-05-25,ID004,COMPANY D,,RUSSIA,37830,22167,6337,2156,4197,4995,7332,733,9824,1549,9875
2025-05-23,ID002,COMPANY B,,RUSSIA,67260,34889,8818,9341,900,9893,6854,685,2864,10061,24956
2025-05-23,ID003,COMPANY C,,INDONESIA,89844,68476,6629,7610,6268,1386,6148,615,5774,2276,49109
2025-05-23,ID003,COMPANY C,,PHILIPPINES,16630,52433,4551,742,5984,1708,5904,590,17662,15346,41341
2025-05-21,ID002,COMPANY B,,INDONESIA,54270,76835,4204,9967,9980,4733,2095,210,17629,13747,4512
2025-05-21,ID003,COMPANY C,,TAIWAN,85117,81327,7023,1971,5912,6968,8489,849,11515,12811,24971
2025-05-20,ID002,COMPANY B,,CHINA,30555,65208,2695,7331,4773,9816,472,47,13193,9757,23166
2025-05-20,ID002,COMPANY B,,INDONESIA,15793,79673,5781,1776,9496,85,5611,561,3419,9012,32188
2025-05-20,ID003,COMPANY C,,ZIMBABWE,74630,99501,3570,4033,9957,7401,8896,890,11817,14503,28127
2025-05-19,ID002,COMPANY B,,BELIZE,91287,27522,7559,5531,1522,4057,14,1,19368,6539,43008
2025-05-18,ID002,COMPANY B,,JAPAN,56219,38850,3780,3047,8320,6027,58,6,9286,19274,39824
2025-05-15,ID002,COMPANY B,LABUAN,MALAYSIA,21374,19276,3780,7580,1690,9351,9839,984,804,6600,47211
2025-05-15,ID003,COMPANY C,,UKRAINE,80418,87026,5049,801,5642,5876,1883,188,19214,3773,7273
2025-05-14,ID003,COMPANY C,,JORDAN,69636,19832,5643,7369,3481,1286,9557,956,16058,11137,16022
2025-05-14,ID003,COMPANY C,,JAPAN,10347,66465,1569,8353,8197,1830,224,22,2182,1863,47579
2025-05-13,ID003,COMPANY C,,ARGENTINA,14581,56763,2817,8724,8453,8641,939,94,13341,7494,26591
2025-05-13,ID003,COMPANY C,,JAMAICA,73414,47451,2114,3943,4042,2859,8230,823,3006,3033,29051
2025-05-12,ID001,COMPANY A,,BRAZIL,91576,86357,8755,8520,4161,9335,670,67,5501,10216,43214
2025-05-12,ID002,COMPANY B,,NIGERIA,99259,80195,7125,7566,7116,118,983,98,244,12029,42562
2025-05-11,ID002,COMPANY B,,POLAND,19398,60846,8739,2675,2838,1048,3888,389,262,5947,14491
2025-05-11,ID004,COMPANY D,,RUSSIA,12365,52436,2024,5338,4834,2009,1082,108,8656,14496,44271
2025-05-10,ID004,COMPANY D,,UGANDA,33017,26972,2111,7171,1730,1425,5525,553,8878,5787,38906
2025-05-10,ID004,COMPANY D,VERACRUZ LLAVE,MEXICO,43017,78053,7630,7845,3387,4572,5296,530,9874,17548,34730
2025-05-08,ID002,COMPANY B,,ARGENTINA,12850,93294,2695,4815,4574,9833,3362,336,17874,7922,6575
2025-05-08,ID003,COMPANY C,,UKRAINE,39768,33233,2383,8470,2921,7133,2243,224,18338,11167,12892
2025-05-07,ID001,COMPANY A,,INDONESIA,36326,27924,5685,1043,9264,253,1067,107,786,9335,46409
2025-05-07,ID002,COMPANY B,,ARGENTINA,21156,32137,5320,2339,2026,6181,4648,465,15016,12603,43993
2025-05-07,ID002,COMPANY B,,BOLIVIA,36008,83734,2440,4481,715,9133,7479,748,13931,17029,33668
2025-05-05,ID001,COMPANY A,,PHILIPPINES,66237,45541,6523,1665,7777,1250,2390,239,15177,12912,29219
2025-05-05,ID004,COMPANY D,CHIAPAS,MEXICO,89342,61873,5397,4417,8525,8022,9970,997,16143,10317,25125
2025-05-04,ID002,COMPANY B,,INDONESIA,79137,95677,9445,3654,8780,6342,5057,506,19209,3282,10888
2025-05-04,ID003,COMPANY C,,INDONESIA,85326,88907,9563,326,9176,5636,2052,205,5414,6903,39114
2025-05-03,ID001,COMPANY A,,PHILIPPINES,17005,29167,5439,104,1359,1617,2048,205,815,16870,38302
2025-05-03,ID002,COMPANY B,,CENTRAL AFRICAN REPUBLIC,88140,21344,6093,417,7165,2642,8014,801,11840,2436,7790
2025-05-02,ID003,COMPANY C,,BRAZIL,38268,62714,3108,6413,3833,7632,2562,256,2423,8441,5416
2025-05-01,ID001,COMPANY A,,PARAGUAY,18373,62326,4119,4278,4704,7389,7823,782,17676,17843,47301
2025-04-30,ID001,COMPANY A,,CHINA,58394,77197,4645,4952,2569,4190,2969,297,4751,4094,15814
2025-04-30,ID004,COMPANY D,,PHILIPPINES,93895,17435,6908,7110,2557,7553,4337,434,1505,7374,27480
2025-04-29,ID003,COMPANY C,,CHINA,71080,63309,8069,6721,3987,2625,7868,787,12557,10276,26571
2025-04-29,ID003,COMPANY C,,MYANMAR,41300,54435,5246,8467,9469,9742,4829,483,2782,2334,12995
2025-04-28,ID001,COMPANY A,,BURKINA FASO,54264,22103,1642,9355,8717,2274,9411,941,17712,6378,32514
2025-04-26,ID001,COMPANY A,VÄSTRA GÖTALAND,SWEDEN,86370,69725,4920,9355,4359,5970,5343,534,8390,12102,39076
2025-04-25,ID001,COMPANY A,,RUSSIA,40537,96655,2632,1461,6026,152,9875,988,4569,10010,4411
2025-04-24,ID001,COMPANY A,,JAPAN,79806,94133,2864,2270,1355,8796,6103,610,15609,12549,39031
2025-04-23,ID004,COMPANY D,,INDONESIA,31185,91065,4251,2633,4626,8397,9656,966,11326,3101,19450
2025-04-23,ID004,COMPANY D,,PHILIPPINES,82087,82779,3196,2853,6911,5004,2724,272,6789,12404,41797
2025-04-22,ID002,COMPANY B,,RUSSIA,14147,16950,7319,3619,9511,6885,6647,665,17100,4,38081
2025-04-22,ID003,COMPANY C,LEIRIA,PORTUGAL,83352,94448,4845,1824,4883,3482,9094,909,2583,7789,9106
2025-04-22,ID004,COMPANY D,,INDONESIA,31764,15507,7527,824,1800,3097,2722,272,6285,617,37753
2025-04-20,ID004,COMPANY D,,ARMENIA,81772,48492,1873,4340,7206,3786,1838,184,12851,15961,1208
2025-04-20,ID004,COMPANY D,,RUSSIA,40102,48448,9403,4428,6427,5965,5815,582,17379,7295,26343
2025-04-19,ID004,COMPANY D,,UKRAINE,67437,22100,9603,3720,8948,1995,284,28,200,17174,2917
2025-04-18,ID003,COMPANY C,BRAGA,PORTUGAL,58679,21695,4727,8096,3945,8107,4782,478,5979,11679,22260
2025-04-17,ID003,COMPANY C,,GREECE,34465,55203,5661,1422,8428,2190,2927,293,18149,17669,6713
2025-04-16,ID002,COMPANY B,,LATVIA,81579,60327,1753,7063,1491,9517,7702,770,9877,9528,9319
2025-04-15,ID001,COMPANY A,,CROATIA,78775,51615,1770,7591,7571,6715,1157,116,17436,401,30053
2025-04-15,ID001,COMPANY A,,NIGERIA,61472,23569,8826,5217,4553,1747,6951,695,18173,3996,36294
2025-04-15,ID002,COMPANY B,,BRAZIL,71840,68007,9515,1076,1546,7783,4662,466,18477,17753,38641
2025-04-15,ID002,COMPANY B,,CHINA,21907,74274,1426,2728,544,545,6466,647,10822,18543,10304
2025-04-13,ID002,COMPANY B,,RUSSIA,82279,26322,4827,9326,7470,5036,6431,643,13160,9595,6172
2025-04-13,ID004,COMPANY D,MIDI-PYRÉNÉES,FRANCE,87793,77956,6535,9794,1510,4164,8260,826,19450,2430,42186
2025-04-12,ID003,COMPANY C,,CHINA,87896,59307,4395,243,5761,8744,2297,230,5596,10464,7426
2025-04-11,ID002,COMPANY B,,BRAZIL,66344,78847,1357,8227,7415,1467,9387,939,6906,4254,7428
2025-04-10,ID001,COMPANY A,,CZECH REPUBLIC,79485,93643,7479,5257,8535,6756,6317,632,12087,8624,33150
2025-04-10,ID004,COMPANY D,,RUSSIA,27500,70983,1066,9067,6767,6100,7999,800,5273,6765,30591
2025-04-08,ID002,COMPANY B,,RUSSIA,58498,14128,2785,3207,9367,3295,3330,333,13066,17844,28502
2025-04-08,ID003,COMPANY C,,CHINA,83005,43123,2286,1578,7344,1990,7728,773,682,1872,16540
2025-04-08,ID004,COMPANY D,,SERBIA,48689,43728,2065,912,2797,3099,5194,519,19530,15606,24922
2025-04-08,ID004,COMPANY D,PR,PUERTO RICO,42855,35962,6491,8715,1343,5127,6747,675,8127,6374,17467
2025-04-08,ID004,COMPANY D,,INDONESIA,68671,17912,2788,1958,3192,9413,5269,527,18949,17834,5277
2025-04-07,ID002,COMPANY B,,SERBIA,57240,74223,1415,8335,7707,7523,9745,975,7722,15488,5504
2025-04-07,ID004,COMPANY D,,POLAND,35544,67574,7770,6487,7195,1832,1740,174,17787,12891,38568
2025-04-04,ID002,COMPANY B,COAHUILA DE ZARAGOZA,MEXICO,72860,37626,4142,1219,3494,9442,4935,494,3417,1485,36404
2025-04-04,ID002,COMPANY B,,UKRAINE,85179,46718,4487,5201,4745,3316,1580,158,19035,17524,16971
2025-04-04,ID003,COMPANY C,,CHINA,62540,84153,9405,7827,6124,9775,9506,951,9326,5442,20374
2025-04-03,ID002,COMPANY B,,POLAND,65231,57635,1733,3971,4947,3673,3523,352,14029,16622,47602
2025-04-03,ID002,COMPANY B,,CHINA,71384,74897,1419,5514,8315,412,1826,183,12434,1494,41173
2025-04-02,ID001,COMPANY A,,PHILIPPINES,51694,62647,1246,5109,7675,5370,2094,209,4351,12779,18487
2025-04-02,ID003,COMPANY C,,PHILIPPINES,70594,97128,4125,4206,3513,953,9684,968,11689,11431,33541
2025-04-01,ID003,COMPANY C,,MALAWI,31707,32814,9213,8944,6842,2236,7847,785,6859,10265,47781
2025-03-31,ID004,COMPANY D,,PERU,50103,35702,1517,9688,6280,8921,8872,887,11010,12489,40560
2025-03-30,ID003,COMPANY C,,IRELAND,81055,23565,5343,1967,7146,1193,9362,936,3485,6276,33589
2025-03-29,ID001,COMPANY A,BERLIN,GERMANY,64013,45714,7884,7999,5748,9583,7785,779,11051,3717,40646
2025-03-28,ID004,COMPANY D,,JAPAN,50835,86010,7585,105,7328,7897,1717,172,5607,17354,32555
2025-03-27,ID002,COMPANY B,,NIGER,17101,40105,7746,4740,5799,633,6188,619,13022,3060,35730
2025-03-27,ID002,COMPANY B,,BRAZIL,69193,85061,8390,749,2490,1762,8727,873,3752,10409,40328
2025-03-26,ID004,COMPANY D,NORD-TRONDELAG,NORWAY,34817,26569,2975,8810,8412,9989,9860,986,12787,16371,23169
2025-03-24,ID001,COMPANY A,,POLAND,44018,60579,3202,2390,6204,6349,8620,862,18391,3065,31075
2025-03-23,ID002,COMPANY B,ÎLE-DE-FRANCE,FRANCE,14060,46929,3975,1442,5404,372,900,90,139,7670,7393
2025-03-22,ID001,COMPANY A,,PHILIPPINES,34475,52052,2115,8820,3166,1778,2478,248,18015,9789,26740
2025-03-22,ID002,COMPANY B,PROVENCE-ALPES-CÔTE D'AZUR,FRANCE,16701,86931,3881,9963,9025,3357,4908,491,17109,12619,30977
2025-03-21,ID001,COMPANY A,,VIETNAM,76754,48577,2391,5865,5266,78,1504,150,6750,16881,31692
2025-03-21,ID004,COMPANY D,,BRAZIL,48386,42753,9812,2072,5590,1881,9275,928,8511,12794,44935
2025-03-20,ID001,COMPANY A,,INDONESIA,67124,86966,2349,2701,8345,8637,4480,448,440,5919,6569
2025-03-19,ID001,COMPANY A,ÎLE-DE-FRANCE,FRANCE,80286,24957,6583,5766,7937,810,6185,619,17410,12497,49662
2025-03-19,ID001,COMPANY A,,PAKISTAN,94113,25911,3646,2944,1601,9650,6670,667,9052,4849,34030
2025-03-19,ID003,COMPANY C,,CHINA,98465,89088,1811,1274,1391,3226,6651,665,16477,1554,10941
2025-03-18,ID001,COMPANY A,AVEIRO,PORTUGAL,80872,98167,7661,2073,3567,7348,7822,782,10170,19301,28287
2025-03-18,ID002,COMPANY B,,IRELAND,12752,78016,6048,8716,7649,7714,6247,625,4446,4627,47192
2025-03-18,ID003,COMPANY C,,JAPAN,26999,86390,7035,1164,575,5650,1463,146,7660,14871,17562
2025-03-18,ID004,COMPANY D,,BRAZIL,76129,34627,7315,3657,3575,846,7376,738,13787,2834,11400
2025-03-18,ID004,COMPANY D,,ARMENIA,26454,34539,7243,1288,6675,226,2533,253,10516,6899,35457
2025-03-18,ID004,COMPANY D,,CHINA,46565,17540,5376,1392,8778,7201,6598,660,5371,17454,1567
2025-03-17,ID003,COMPANY C,,CHINA,69042,69903,7268,721,1695,8003,6082,608,9286,5450,21757
2025-03-17,ID004,COMPANY D,,HONDURAS,63411,93461,5876,2846,6916,9762,3958,396,6216,6479,7550
2025-03-16,ID002,COMPANY B,,POLAND,50929,67702,4622,4419,877,4926,5055,506,12726,258,11849
2025-03-14,ID001,COMPANY A,VERACRUZ LLAVE,MEXICO,62841,61221,2431,2535,7200,4368,7094,709,16182,7509,17259
2025-03-14,ID001,COMPANY A,CALIFORNIA,UNITED STATES,80653,89982,6221,4164,5504,283,8577,858,9099,9512,9910
2025-03-13,ID004,COMPANY D,,BELARUS,21805,29562,5103,3436,4793,1806,6512,651,9046,14195,34429
2025-03-13,ID004,COMPANY D,,CHINA,56028,70440,3263,7972,3403,680,7059,706,17772,12671,4307
2025-03-12,ID002,COMPANY B,,PHILIPPINES,11364,47416,1856,8042,6907,6041,2112,211,5132,797,40685
2025-03-11,ID002,COMPANY B,,CHINA,78393,46278,2063,945,402,9090,338,34,8377,16987,42370
2025-03-10,ID002,COMPANY B,LISBOA,PORTUGAL,97999,42278,2295,7946,9812,6759,9686,969,9207,6954,27434
2025-03-09,ID001,COMPANY A,,ARMENIA,97211,50922,1582,7455,2731,2628,84,8,9272,9374,48575
2025-03-09,ID002,COMPANY B,,PERU,29764,93943,7479,3361,1846,1933,3538,354,2129,8741,18906
2025-03-09,ID002,COMPANY B,,CHINA,82682,49367,4158,2949,7694,9274,7195,720,13883,16306,21968
2025-03-07,ID001,COMPANY A,,RUSSIA,30118,72495,2895,9738,5611,8448,9492,949,839,7153,3709
2025-03-07,ID002,COMPANY B,,VENEZUELA,68478,22114,1243,7044,2922,7952,3224,322,14645,2406,26125
2025-03-07,ID002,COMPANY B,,INDONESIA,91908,86499,3792,6442,5728,4209,2488,249,9124,1457,3818
2025-03-05,ID001,COMPANY A,,HONDURAS,71946,45082,7250,4245,1146,1038,9241,924,12655,19283,25345
2025-03-05,ID001,COMPANY A,,GREECE,24560,12000,5127,1724,7005,5703,1070,107,13213,16395,9468
2025-03-04,ID001,COMPANY A,ALBERTA,CANADA,57486,45438,3659,5961,5789,477,1665,167,18042,15766,11897
2025-03-02,ID001,COMPANY A,,CHINA,74182,24258,4252,2491,5512,4101,7895,790,15890,8212,2106
2025-03-02,ID003,COMPANY C,,ANGOLA,72812,37127,3357,5366,1268,764,1742,174,11463,11622,24794
2025-02-28,ID002,COMPANY B,,BRAZIL,99313,32206,2185,6272,4298,5483,3002,300,14434,1580,24933
2025-02-27,ID002,COMPANY B,,RUSSIA,72646,61569,6604,406,4431,5865,6880,688,10356,16485,22578
2025-02-25,ID004,COMPANY D,,CHAD,78423,54250,5132,1445,1313,9159,6973,697,15566,12084,26084
2025-02-24,ID002,COMPANY B,,INDONESIA,73955,16190,3906,9152,1856,830,3241,324,16818,16500,1285
2025-02-24,ID002,COMPANY B,MICHOACAN DE OCAMPO,MEXICO,30382,41187,6834,3230,8864,8792,1638,164,17614,8097,12278
2025-02-24,ID004,COMPANY D,TEXAS,UNITED STATES,73625,90323,2758,8091,696,9569,2667,267,8564,15163,31029
2025-02-22,ID003,COMPANY C,,CHINA,75348,35360,6354,4799,4412,8253,6588,659,12801,9742,5288
2025-02-21,ID001,COMPANY A,,CHILE,72022,92995,3202,1014,1029,6949,7525,753,14501,15266,5942
2025-02-21,ID003,COMPANY C,,INDONESIA,48239,60263,4584,5279,1464,4454,9123,912,11738,5585,46845
2025-02-21,ID004,COMPANY D,,SERBIA,38815,81949,9587,1270,5806,8380,3286,329,1387,18580,49503
2025-02-21,ID004,COMPANY D,,INDONESIA,18490,74939,7646,5190,4407,104,8870,887,13671,12555,367
2025-02-21,ID004,COMPANY D,,ETHIOPIA,13456,99618,2196,4661,7173,3538,991,99,10739,11365,21349
2025-02-20,ID003,COMPANY C,,SOUTH AFRICA,16514,47160,5638,5645,6090,7491,2853,285,14965,18482,4252
2025-02-20,ID004,COMPANY D,VERACRUZ LLAVE,MEXICO,24234,67254,1936,8191,6959,9292,4282,428,11874,17804,8434
2025-02-18,ID001,COMPANY A,,INDONESIA,47061,20721,3886,6159,1594,4640,6415,642,16961,12452,10505
2025-02-18,ID004,COMPANY D,LIMOUSIN,FRANCE,49123,26985,3849,7597,6243,2460,6693,669,16534,14851,34761
2025-02-17,ID004,COMPANY D,,CHINA,69493,13410,5391,1730,3219,1002,3266,327,122,12111,1477
2025-02-16,ID001,COMPANY A,,PHILIPPINES,35577,24613,3389,9152,8489,3051,3001,300,19684,9847,29536
2025-02-16,ID001,COMPANY A,,VIETNAM,53631,92696,5042,9087,7467,3303,3030,303,19020,5052,2336
2025-02-16,ID003,COMPANY C,,RUSSIA,50018,35122,5996,6432,9885,1569,8930,893,16234,5690,47893
2025-02-16,ID003,COMPANY C,,CHINA,23547,69328,2148,3629,4871,1614,5792,579,10941,8258,36675
2025-02-15,ID002,COMPANY B,,CHINA,77254,59454,1058,6252,2709,1284,6767,677,10225,3057,49854
2025-02-15,ID003,COMPANY C,,RUSSIA,30058,91492,9563,7841,5510,9810,6036,604,13467,17814,4147
2025-02-14,ID004,COMPANY D,PUEBLA,MEXICO,64540,16960,1414,4243,5590,6813,246,25,9682,5391,24652
2025-02-14,ID004,COMPANY D,,PHILIPPINES,53415,56165,5068,1962,4199,7088,8089,809,9672,16100,46575
2025-02-13,ID002,COMPANY B,ANDALUCIA,SPAIN,38182,62396,7598,3377,6554,7019,183,18,4307,16395,17147
2025-02-13,ID004,COMPANY D,GÄVLEBORG,SWEDEN,65533,69509,6481,1755,7223,8269,5983,598,3666,1937,13189
2025-02-12,ID001,COMPANY A,,BULGARIA,87133,55472,9079,4723,2859,4317,951,95,18634,16796,23280
2025-02-12,ID001,COMPANY A,,COSTA RICA,50704,10827,9636,9795,6490,6195,6619,662,15589,9237,20572
2025-02-12,ID004,COMPANY D,TEXAS,UNITED STATES,70884,54498,6421,9964,261,6596,17,2,6042,9455,41037
2025-02-12,ID004,COMPANY D,,BRAZIL,77788,84437,1243,6953,5255,9287,8947,895,364,19476,49121
2025-02-10,ID002,COMPANY B,RHÔNE-ALPES,FRANCE,46900,43760,8527,6155,5191,4050,5664,566,1393,5564,14136
2025-02-08,ID003,COMPANY C,,PHILIPPINES,68879,59468,4395,9918,7343,8453,5602,560,4183,947,826
2025-02-07,ID003,COMPANY C,,POLAND,36312,70315,1110,5599,9425,862,594,59,3210,5479,21547
2025-02-07,ID003,COMPANY C,,HONDURAS,94934,32392,2316,9287,2544,549,6867,687,8631,14355,3537
2025-02-06,ID002,COMPANY B,TENNESSEE,UNITED STATES,76387,90729,1267,9695,2301,3204,867,87,16862,16904,5207
2025-02-06,ID002,COMPANY B,,CHINA,22605,55901,9658,9191,3744,636,1849,185,1879,3495,23002
2025-02-06,ID004,COMPANY D,,MOROCCO,46642,39526,8774,747,5852,8858,9835,984,16613,5115,27923
2025-02-03,ID001,COMPANY A,,CHINA,44663,17604,4171,7020,355,1255,4060,406,7283,1603,28917
2025-02-02,ID003,COMPANY C,ENGLAND,UNITED KINGDOM,41725,94041,1218,1037,6450,238,6758,676,17825,8496,5626
2025-02-01,ID002,COMPANY B,NORD-PAS-DE-CALAIS,FRANCE,57241,80829,8847,335,8911,1523,3652,365,1847,17395,18115
2025-02-01,ID002,COMPANY B,,POLAND,64184,62952,4228,4249,4220,6029,736,74,14488,19720,5689
2025-02-01,ID003,COMPANY C,,CHINA,77415,53836,6581,2613,6029,3548,1869,187,13295,14964,24977
2025-02-01,ID004,COMPANY D,,SOLOMON ISLANDS,22348,40282,5667,9391,1899,4372,5579,558,15914,18894,26744
2025-02-01,ID004,COMPANY D,,COLOMBIA,79713,76400,7207,5188,1984,8763,3246,325,12154,15615,8597
2025-01-31,ID001,COMPANY A,,INDONESIA,48794,52929,8525,7944,3402,8279,4826,483,19485,14470,1021
2025-01-29,ID002,COMPANY B,,CHINA,18019,22347,4883,3157,5410,6362,8520,852,12268,11851,11605
2025-01-29,ID002,COMPANY B,,CHINA,94832,60878,1067,2435,6011,4487,7169,717,2783,13084,18509
2025-01-29,ID004,COMPANY D,,SERBIA,64309,71062,9778,3063,7536,3474,8498,850,13711,17013,17609
2025-01-28,ID003,COMPANY C,,SOUTH AFRICA,95563,13327,8126,1977,1433,1424,2965,297,17215,13704,40713
2025-01-27,ID003,COMPANY C,CALIFORNIA,UNITED STATES,96554,90765,9486,6525,2645,6532,7926,793,3487,13663,12778
2025-01-27,ID003,COMPANY C,,TANZANIA,34153,16805,1502,4759,1139,8316,3066,307,11933,2235,379
2025-01-26,ID001,COMPANY A,,INDONESIA,42497,58595,1541,6757,1805,1921,6071,607,11253,5977,9367
2025-01-26,ID002,COMPANY B,,RUSSIA,92428,61228,9449,4466,7836,2593,1620,162,2123,2017,38528
2025-01-26,ID002,COMPANY B,,SOUTH AFRICA,43921,69265,4308,8265,783,2485,1273,127,18819,16931,34759
2025-01-26,ID003,COMPANY C,,OMAN,69181,14319,8379,3958,2780,2422,7078,708,6652,5708,36854
2025-01-26,ID003,COMPANY C,,SYRIA,58445,37646,8263,2295,2840,2088,189,19,16254,15169,18486
2025-01-25,ID003,COMPANY C,,INDONESIA,15615,53184,6569,1657,5014,4928,3552,355,17818,11615,47333
2025-01-23,ID004,COMPANY D,,INDONESIA,25449,20727,8083,8768,7119,2006,4296,430,5833,18142,15671
2025-01-23,ID004,COMPANY D,,SOUTH KOREA,11239,68208,6281,806,5590,5534,1803,180,1159,10350,25430
2025-01-22,ID002,COMPANY B,,PHILIPPINES,73183,20268,8105,1541,3356,3316,5498,550,14682,4035,29279
2025-01-21,ID001,COMPANY A,,CHINA,70042,79595,2158,9718,3644,7686,3566,357,16449,552,47655
2025-01-20,ID001,COMPANY A,,THAILAND,41536,13250,7192,5950,6594,2060,8185,819,13521,13187,15552
2025-01-19,ID002,COMPANY B,,YEMEN,72308,65428,5914,1742,6345,4910,8268,827,12246,3780,49327
2025-01-19,ID002,COMPANY B,,ARGENTINA,12622,67725,6982,4642,6847,4885,5776,578,8907,5304,23297
2025-01-19,ID003,COMPANY C,,CHINA,77959,33650,7868,7081,8038,5802,7218,722,4232,7996,32114
2025-01-18,ID004,COMPANY D,,JAPAN,45176,20860,5106,4019,826,4355,8021,802,14190,17555,11650
2025-01-17,ID001,COMPANY A,,KENYA,60294,59385,7401,8124,7698,8131,5291,529,4412,6495,39362
2025-01-17,ID002,COMPANY B,,CHINA,94356,29836,9992,2707,6793,7764,7980,798,14246,18089,45273
2025-01-17,ID004,COMPANY D,,FINLAND,91562,43611,7968,3157,5380,3248,8586,859,6096,15323,5133
2025-01-16,ID002,COMPANY B,,ETHIOPIA,25298,32223,8870,218,8225,8446,9149,915,1150,13092,34072
2025-01-16,ID003,COMPANY C,,CHINA,97892,60446,2101,406,4896,916,4125,413,3324,4611,24946
2025-01-16,ID004,COMPANY D,,CHINA,42203,32441,3382,6282,7833,8114,9704,970,3233,5944,30673
2025-01-14,ID001,COMPANY A,,ARGENTINA,30796,27232,7702,2777,3819,4817,8604,860,1852,15427,11207
2025-01-14,ID002,COMPANY B,,JAPAN,29443,70089,8658,6439,9978,4681,3061,306,18869,6298,38542
2025-01-14,ID003,COMPANY C,,RUSSIA,16769,13528,7322,224,1609,9012,8456,846,4217,15445,21589
2025-01-12,ID001,COMPANY A,,RUSSIA,42810,47354,9978,9545,8678,8194,5601,560,12113,14711,26830
2025-01-12,ID003,COMPANY C,,MOROCCO,45967,55052,9869,8813,6191,2990,5377,538,8743,4896,30449
2025-01-12,ID004,COMPANY D,,CHINA,92225,76004,8371,4683,8657,1333,660,66,4752,10511,1052
2025-01-11,ID002,COMPANY B,,GREECE,77468,73820,7791,6893,335,8478,9576,958,14683,4294,10253
2025-01-10,ID004,COMPANY D,,CHINA,71408,37365,9190,695,364,5947,7954,795,15542,12756,11648
2025-01-10,ID004,COMPANY D,ONTARIO,CANADA,53110,92539,5675,8295,9166,9730,4556,456,2611,16137,23367
2025-01-08,ID002,COMPANY B,,INDONESIA,37599,89317,9227,4722,6485,6693,7072,707,8721,15452,453
2025-01-07,ID003,COMPANY C,,INDONESIA,28258,72794,8397,4044,9277,2657,9840,984,2168,11134,34411
2025-01-07,ID003,COMPANY C,,CHINA,31805,41163,1293,7891,1459,5507,6628,663,11075,2990,42700
2025-01-07,ID004,COMPANY D,,JAPAN,47964,20217,6483,4069,846,1156,2459,246,18142,636,30143
2025-01-06,ID001,COMPANY A,,BRAZIL,65998,25341,8835,1204,1102,9752,3543,354,7647,14669,27071
2025-01-06,ID003,COMPANY C,,KAZAKHSTAN,35087,79899,7917,8791,6246,5150,2710,271,11309,1716,47124
2025-01-04,ID004,COMPANY D,,CAMBODIA,76777,16283,9047,7230,4251,151,6688,669,16188,16660,6178
2025-01-04,ID004,COMPANY D,,CHINA,65539,15921,2810,804,5416,6701,1587,159,15895,6046,5881
2025-01-03,ID001,COMPANY A,,CHINA,65791,78916,3301,2473,1620,5175,3327,333,15993,14377,26321
2025-01-03,ID003,COMPANY C,,CHINA,98280,96205,2128,6571,6524,4019,8163,816,16018,17047,16031
2025-01-01,ID003,COMPANY C,,ARGENTINA,23505,32594,8209,9696,9603,9740,1261,126,7669,17482,15897
2024-12-31,ID003,COMPANY C,BASSE-NORMANDIE,FRANCE,95276,44512,9547,9946,1194,5205,4663,466,11381,9049,2753
2024-12-30,ID004,COMPANY D,PROVINCIE ZUID-HOLLAND,NETHERLANDS,54650,57745,6517,4186,5252,5423,5904,590,13345,13044,24424
2024-12-29,ID001,COMPANY A,,PHILIPPINES,13765,98582,8995,2150,5366,3240,1663,166,9426,17716,14791
2024-12-28,ID002,COMPANY B,,JAPAN,36997,66333,8615,6631,7162,2471,4898,490,12700,19271,33699
2024-12-28,ID004,COMPANY D,JÄMTLAND,SWEDEN,95186,78237,3506,1678,43,6739,713,71,1969,16572,32015
2024-12-28,ID004,COMPANY D,,BRAZIL,42386,78187,2088,2379,2566,7293,5825,583,16035,7059,12814
2024-12-28,ID004,COMPANY D,,CHINA,32245,69211,4861,8866,4666,8095,4299,430,4648,8017,38010
2024-12-27,ID001,COMPANY A,BAYERN,GERMANY,60760,37005,1823,3366,8650,8155,1354,135,9303,19284,7622
2024-12-27,ID002,COMPANY B,,PHILIPPINES,99842,89442,5020,6582,4598,1560,1674,167,4386,18169,44525
2024-12-26,ID003,COMPANY C,,INDONESIA,44039,35016,4837,3167,3631,1328,6024,602,14300,187,11121
2024-12-24,ID001,COMPANY A,BARANYA,HUNGARY,69184,63115,9816,4835,3431,3852,4108,411,12494,3835,26320
2024-12-24,ID002,COMPANY B,,SOUTH AFRICA,20738,90077,8101,1151,324,2094,3857,386,10426,15788,2070
2024-12-24,ID003,COMPANY C,,CUBA,40026,99145,8217,3222,198,2166,9467,947,11688,15609,16440
2024-12-24,ID004,COMPANY D,,RUSSIA,80892,95661,3000,806,6712,9907,3536,354,1717,9982,11448
2024-12-23,ID003,COMPANY C,,CUBA,42124,44985,3636,4930,7907,7676,2327,233,3200,4170,30988
2024-12-21,ID001,COMPANY A,,GUATEMALA,99753,31821,7586,7432,4824,2211,9412,941,19038,6976,12696
2024-12-21,ID003,COMPANY C,,GREECE,15789,40658,6928,9446,1336,2955,8324,832,3214,15798,25777
2024-12-21,ID003,COMPANY C,SASKATCHEWAN,CANADA,35855,85363,9433,8981,6528,7029,7184,718,3733,19841,42289
2024-12-19,ID001,COMPANY A,,TUNISIA,34939,34245,8433,110,6144,6362,4100,410,4429,17503,39997
2024-12-19,ID003,COMPANY C,STOCKHOLM,SWEDEN,66983,89009,9661,4990,5114,9536,7238,724,9115,908,15191
2024-12-18,ID001,COMPANY A,,PHILIPPINES,94641,10516,4493,9076,8632,5558,674,67,12895,1131,28415
2024-12-18,ID004,COMPANY D,,INDONESIA,31669,36276,2963,6753,2889,1282,3510,351,11850,3863,10147
2024-12-17,ID001,COMPANY A,CATALUNA,SPAIN,67571,68375,3263,1353,4312,2834,5296,530,1498,467,1104
2024-12-16,ID001,COMPANY A,,UKRAINE,53195,41838,3221,6128,523,7620,9845,985,8285,19019,32044
2024-12-16,ID004,COMPANY D,,BRAZIL,20121,88116,8340,2964,5560,1567,7809,781,13801,11630,43203
2024-12-15,ID003,COMPANY C,,THAILAND,79187,98603,4567,6090,8719,7842,6034,603,12034,12254,34068
2024-12-15,ID003,COMPANY C,,BRAZIL,55555,52707,3963,3672,247,8049,6280,628,19113,10214,28219
2024-12-14,ID001,COMPANY A,,RUSSIA,17871,74172,6835,4624,1148,9849,2579,258,7202,15624,36220
2024-12-13,ID003,COMPANY C,GÄVLEBORG,SWEDEN,79303,50392,5441,4416,2170,6656,6805,681,3385,16444,14330
2024-12-13,ID003,COMPANY C,,GAMBIA,33206,67171,2590,375,8557,9421,5458,546,2496,3852,32151
2024-12-12,ID002,COMPANY B,,CHINA,31692,53079,5635,3240,2338,4793,2023,202,18836,12882,36353
2024-12-12,ID003,COMPANY C,,JORDAN,96390,22963,5632,5673,3965,1518,7055,706,11707,11182,31173
2024-12-11,ID001,COMPANY A,,ANGOLA,63865,94572,1852,7427,7645,4177,8591,859,15379,9739,12353
2024-12-11,ID001,COMPANY A,,BENIN,88796,26885,2244,5386,6409,5517,4994,499,19931,3341,142
2024-12-11,ID002,COMPANY B,,UKRAINE,71093,20420,4695,4044,7103,3712,3747,375,3630,13798,9822
2024-12-11,ID004,COMPANY D,CALIFORNIA,UNITED STATES,77603,42912,2803,7802,5620,198,7446,745,5851,3956,27531
2024-12-11,ID004,COMPANY D,,RUSSIA,39291,52103,7049,8293,9135,7327,9120,912,6990,12887,5774
2024-12-11,ID004,COMPANY D,,CHINA,78674,27917,1126,3283,6374,9867,9082,908,17750,3972,27222
2024-12-10,ID002,COMPANY B,,POLAND,78676,28768,6278,7367,2039,8386,1411,141,1940,5214,48316
2024-12-10,ID002,COMPANY B,,NIGERIA,15217,97010,1578,4196,5539,9017,8582,858,19820,3184,16288
2024-12-10,ID002,COMPANY B,,CHINA,14218,70234,1700,3988,8040,1134,185,19,170,1153,10065
2024-12-10,ID003,COMPANY C,,INDONESIA,32749,42509,3043,6429,8250,8540,8263,826,2467,14585,14361
2024-12-09,ID003,COMPANY C,,INDONESIA,26303,78080,2697,1669,7881,1403,4497,450,6664,17335,2378
2024-12-09,ID004,COMPANY D,,VENEZUELA,52392,87227,5383,9165,9792,2067,6766,677,8716,442,6553
2024-12-08,ID001,COMPANY A,,CAMEROON,83554,53681,5845,3252,6346,7392,5728,573,1453,9205,10771
2024-12-08,ID002,COMPANY B,,RUSSIA,75233,81683,9393,5944,9424,2981,9060,906,16170,15311,44890
2024-12-08,ID004,COMPANY D,,CHINA,36365,94636,1034,769,4369,1110,5864,586,5827,8044,31580
2024-12-07,ID001,COMPANY A,,INDONESIA,85619,79766,5289,4342,9240,7084,9827,983,927,11292,41262
2024-12-04,ID004,COMPANY D,,CHINA,81255,65005,4563,9490,6275,1655,7040,704,15813,10698,6292
2024-12-03,ID001,COMPANY A,MICHOACAN DE OCAMPO,MEXICO,85714,60389,5733,5410,4084,7644,3809,381,1832,1694,9442
2024-12-03,ID003,COMPANY C,,RUSSIA,25173,17701,1578,572,6335,9685,8558,856,4803,15348,17436
2024-12-02,ID001,COMPANY A,,CHINA,63545,71300,1006,9288,7627,5067,3013,301,5208,12313,27209
2024-11-29,ID003,COMPANY C,,EGYPT,80380,61605,3794,6330,2483,1683,2034,203,966,6443,17830
2024-11-29,ID003,COMPANY C,,CHINA,25614,15197,5044,308,5555,4376,5511,551,2647,100,22726
2024-11-29,ID004,COMPANY D,,PHILIPPINES,71110,45514,9371,3251,3596,3370,8552,855,17979,11701,7390
2024-11-29,ID004,COMPANY D,,CHINA,24298,25494,9621,8020,560,6868,7946,795,314,19087,28938
2024-11-28,ID004,COMPANY D,,KAZAKHSTAN,33356,74013,8012,7216,377,6193,6773,677,1496,8577,47665
2024-11-28,ID004,COMPANY D,,GREECE,70838,15153,2231,7580,568,6168,8538,854,5748,8873,6864
2024-11-27,ID001,COMPANY A,MICHOACAN DE OCAMPO,MEXICO,73886,99976,2945,7831,6758,5957,1477,148,6714,18618,44877
2024-11-22,ID001,COMPANY A,,INDONESIA,69808,38264,5316,8210,1033,2206,5107,511,13209,9925,26400
2024-11-22,ID002,COMPANY B,,CHINA,28376,84505,3456,1370,541,6912,7329,733,12284,13498,29583
2024-11-22,ID003,COMPANY C,,MACEDONIA,90812,18072,8075,5890,1150,1131,3600,360,18147,96,8252
2024-11-21,ID002,COMPANY B,,INDONESIA,96108,16745,4528,5161,9966,9878,4976,498,11062,4877,28950
2024-11-21,ID002,COMPANY B,,CHINA,36255,60678,5829,8999,8420,1168,6662,666,205,4238,22013
2024-11-21,ID003,COMPANY C,,HAITI,26152,85280,8395,5935,9720,7913,9361,936,16639,12746,16563
2024-11-20,ID004,COMPANY D,,INDONESIA,35134,17142,8842,5874,4614,8250,8582,858,19368,6872,43207
2024-11-17,ID001,COMPANY A,,IRELAND,45278,98013,2950,2851,8396,3317,33,3,5074,15421,12681
2024-11-17,ID003,COMPANY C,LIMOUSIN,FRANCE,84097,40077,7389,2040,6040,6273,8976,898,13821,17469,15528
2024-11-16,ID003,COMPANY C,,INDONESIA,31221,40241,8542,3171,2228,7934,1373,137,11565,5567,36083
2024-11-14,ID001,COMPANY A,,BRAZIL,39460,47163,2792,9739,9898,4669,5418,542,5837,18356,37863
2024-11-13,ID003,COMPANY C,,BRAZIL,84452,49915,9942,6568,4463,212,6631,663,1863,9811,42127
2024-11-13,ID004,COMPANY D,,CHINA,12019,93533,9962,1069,4523,9007,4648,465,12456,2143,4609
2024-11-13,ID004,COMPANY D,,PHILIPPINES,21654,63276,8122,990,8167,7225,2211,221,12833,14797,10616
2024-11-08,ID001,COMPANY A,,KYRGYZSTAN,23320,54588,7632,4459,3483,9774,5106,511,18693,18995,35364
2024-11-08,ID001,COMPANY A,,RUSSIA,82600,27545,4802,8422,8908,530,9839,984,9724,10620,33678
2024-11-08,ID002,COMPANY B,,BURKINA FASO,95938,60542,7710,894,8346,5440,2803,280,12270,5586,23626
2024-11-08,ID004,COMPANY D,,CHINA,71765,22365,7333,3291,4632,3036,9262,926,16856,17877,43672
2024-11-07,ID004,COMPANY D,,BRAZIL,89645,26290,4409,6444,8462,1788,9775,978,8247,6153,32384
2024-11-04,ID004,COMPANY D,,BENIN,76224,73987,3494,5227,1709,2396,993,99,7111,168,36237
2024-11-04,ID004,COMPANY D,,INDONESIA,65788,27505,6482,4839,4356,2467,2458,246,7419,15951,39904
2024-11-03,ID002,COMPANY B,,INDONESIA,16777,65807,3502,133,8693,1518,9813,981,6395,3789,49859
2024-11-02,ID003,COMPANY C,,CHINA,78170,49577,9267,3766,4044,66,6130,613,9474,5197,17089
2024-11-01,ID001,COMPANY A,,INDONESIA,39523,63209,4710,6472,4788,6182,1185,119,13078,11532,3933
2024-10-31,ID002,COMPANY B,,FINLAND,80979,47353,7950,1324,8729,6882,4825,483,2370,17001,9194
2024-10-31,ID003,COMPANY C,,RUSSIA,97673,12901,4719,2632,8998,8497,9496,950,11746,15224,41411
2024-10-30,ID003,COMPANY C,,GREECE,62718,21147,2500,3272,2551,8573,3925,393,14257,16174,28555
2024-10-30,ID004,COMPANY D,SETÚBAL,PORTUGAL,23297,62272,6620,8492,7471,5212,4447,445,3507,12420,41116
2024-10-29,ID003,COMPANY C,,INDONESIA,27189,55758,9239,5860,2963,9276,8678,868,18383,8500,26045
2024-10-29,ID004,COMPANY D,PAYS DE LA LOIRE,FRANCE,43115,39841,9267,5417,4434,6666,3011,301,8051,6266,37587
2024-10-28,ID001,COMPANY A,,CHINA,74575,40049,4674,9653,2854,9018,550,55,8597,3039,6693
2024-10-28,ID001,COMPANY A,,RUSSIA,93987,85451,3813,9190,9646,4954,2351,235,15428,6465,20871
2024-10-28,ID003,COMPANY C,,CHINA,98690,14188,4559,884,6877,3614,642,64,1905,19488,39658
2024-10-27,ID002,COMPANY B,,CHINA,86152,51729,9000,2853,6625,9526,2035,204,9011,1383,17659
2024-10-27,ID003,COMPANY C,VIANA DO CASTELO,PORTUGAL,49892,35082,3327,4811,9043,2225,9213,921,9223,2235,4849
2024-10-24,ID004,COMPANY D,,AFGHANISTAN,77704,53335,1719,8096,2698,2523,9459,946,5110,8617,11486
2024-10-24,ID004,COMPANY D,,THAILAND,93042,53917,2150,4866,2265,5058,3237,324,4470,10844,34032
2024-10-22,ID003,COMPANY C,,MADAGASCAR,96060,13375,2479,3073,4369,4487,9441,944,9667,7738,41533
2024-10-22,ID004,COMPANY D,,EGYPT,66086,43170,5658,8120,2923,6840,9164,916,10952,11643,33143
2024-10-21,ID001,COMPANY A,,VIETNAM,43487,13051,1735,92,5603,1301,9108,911,8456,4031,32089
2024-10-21,ID002,COMPANY B,,COLOMBIA,67789,38604,4361,4275,5221,7918,1363,136,7915,3671,11060
2024-10-20,ID002,COMPANY B,,POLAND,53242,30651,4752,947,8787,2735,1657,166,18992,11904,38346
2024-10-20,ID004,COMPANY D,KANSAS,UNITED STATES,24693,14712,7501,4048,7624,9499,1582,158,19260,19553,13721
2024-10-19,ID003,COMPANY C,,RUSSIA,57842,11617,3215,5652,507,8551,5493,549,9047,18304,25818
2024-10-19,ID004,COMPANY D,ALBERTA,CANADA,69858,29187,5010,9170,8116,6364,1917,192,2801,13,20810
2024-10-19,ID004,COMPANY D,,PHILIPPINES,82860,26681,2216,3003,4514,5242,5571,557,18456,2620,23625
2024-10-18,ID002,COMPANY B,REGION HOVEDSTADEN,DENMARK,38848,77341,8287,9453,5862,3798,2881,288,6730,9878,5882
2024-10-18,ID002,COMPANY B,BRITISH COLUMBIA,CANADA,83437,38398,9873,9339,5431,4788,8616,862,7497,7752,34520
2024-10-17,ID002,COMPANY B,,CHINA,33371,70413,3395,3179,9062,7973,5082,508,9958,11027,9013
2024-10-17,ID004,COMPANY D,TEXAS,UNITED STATES,71719,15450,1408,9861,5150,7376,3189,319,1319,15112,4140
2024-10-16,ID003,COMPANY C,,CHINA,49362,68610,9367,3640,1265,5116,3479,348,15770,11582,10161
2024-10-16,ID003,COMPANY C,,CHINA,72208,91361,1444,7781,657,4258,4691,469,7338,2407,9428
2024-10-16,ID004,COMPANY D,,CHINA,68217,59588,1112,9597,1844,3709,1716,172,9830,8184,22476
2024-10-15,ID001,COMPANY A,,ARGENTINA,37502,20311,5199,3268,8927,452,8665,867,8235,8705,40248
2024-10-15,ID002,COMPANY B,,CUBA,91405,48663,6824,1798,2465,680,17,2,796,5234,22279
2024-10-14,ID001,COMPANY A,,RUSSIA,33604,84511,4054,3229,9339,6793,3013,301,6569,16476,43120
2024-10-13,ID001,COMPANY A,,CHINA,34169,88912,6925,7908,8640,5816,6204,620,7738,12924,36432
2024-10-13,ID001,COMPANY A,,CHINA,42867,21848,3862,9362,3153,9107,4353,435,17202,244,31029
2024-10-13,ID001,COMPANY A,,THAILAND,11002,10629,9028,4790,6802,8278,6120,612,3059,15258,3552
2024-10-11,ID001,COMPANY A,,TUVALU,80528,67422,4395,837,2774,6253,7340,734,17033,17521,32116
2024-10-11,ID004,COMPANY D,,PHILIPPINES,25279,45622,5379,6031,1814,9125,8110,811,6258,18117,29685
2024-10-10,ID002,COMPANY B,,CHINA,57083,32820,8839,8710,4687,1469,3289,329,7850,17805,43484
2024-10-10,ID004,COMPANY D,,RUSSIA,39909,97709,4492,786,2795,8031,5116,512,1215,7651,12691
2024-10-09,ID004,COMPANY D,,CHINA,97566,46251,2507,1111,6329,1054,3887,389,2914,6483,41171
2024-10-08,ID001,COMPANY A,LIMOUSIN,FRANCE,26215,66289,6467,7937,7380,958,4898,490,5233,4677,27718
2024-10-06,ID002,COMPANY B,,UKRAINE,12967,94688,8447,4695,4581,407,2237,224,1574,2986,5740
2024-10-05,ID004,COMPANY D,TENNESSEE,UNITED STATES,57323,46807,1362,7669,5987,8500,4296,430,2854,4574,31912
2024-10-04,ID003,COMPANY C,,INDONESIA,85260,32530,7152,7971,9002,2485,2700,270,7204,14795,29386
2024-10-03,ID004,COMPANY D,,INDONESIA,89480,31217,6071,6542,6998,2700,690,69,14188,7757,40460
2024-10-02,ID001,COMPANY A,,INDONESIA,86173,70621,3645,3933,3505,2878,8559,856,14346,16090,48566
2024-10-02,ID002,COMPANY B,,CHINA,96553,26932,3130,8435,889,6057,2567,257,18442,2422,10604
2024-10-02,ID004,COMPANY D,,FINLAND,74491,67036,2940,4687,1357,9593,2308,231,18590,17752,34714
2024-09-30,ID001,COMPANY A,,AFGHANISTAN,50283,91314,6219,5019,719,6471,4154,415,19809,3879,21677
2024-09-29,ID002,COMPANY B,,MICRONESIA,55412,74554,5088,3870,2081,3663,3733,373,2567,16030,46102
2024-09-29,ID002,COMPANY B,,CHINA,82337,72858,7231,7261,1803,3865,7422,742,12886,16421,17552
2024-09-27,ID003,COMPANY C,COIMBRA,PORTUGAL,72289,24148,4222,5950,2718,6208,7050,705,7651,4693,30004
2024-09-27,ID003,COMPANY C,VERACRUZ LLAVE,MEXICO,96658,37367,7591,6086,5672,7338,2593,259,3414,2360,9601
2024-09-25,ID002,COMPANY B,GEORGIA,UNITED STATES,80353,37080,7805,6741,9262,1057,221,22,4059,6670,21341
2024-09-25,ID003,COMPANY C,HALLAND,SWEDEN,68914,41401,8890,3191,318,2329,4018,402,15108,8060,8703
2024-09-23,ID001,COMPANY A,,POLAND,73989,73479,1667,1828,1603,5890,4262,426,1625,19993,33016
2024-09-22,ID003,COMPANY C,,PHILIPPINES,14712,51336,5755,3422,9150,9853,7805,781,5660,16372,22709
2024-09-22,ID004,COMPANY D,,MOZAMBIQUE,25988,33364,6040,9576,3336,6524,3764,376,2508,9306,19675
2024-09-21,ID003,COMPANY C,,PHILIPPINES,67092,50028,1805,8196,4814,2794,3578,358,7730,7713,40750
2024-09-19,ID001,COMPANY A,,CHINA,79710,18241,8973,2833,6488,1629,6583,658,3496,1909,23112
2024-09-19,ID004,COMPANY D,,PERU,53170,27262,6551,8412,9417,2663,2877,288,12633,15421,45068
2024-09-18,ID001,COMPANY A,,BURKINA FASO,21616,29812,8345,6448,6664,116,7292,729,11514,4641,37732
2024-09-18,ID004,COMPANY D,ÎLE-DE-FRANCE,FRANCE,52464,27046,3273,9944,5179,1174,8260,826,6244,7194,44132
2024-09-18,ID004,COMPANY D,,CHINA,14834,80409,5572,6621,4649,8212,5244,524,1814,16280,33767
2024-09-13,ID002,COMPANY B,,CHINA,66745,48863,6242,3008,5127,6070,7617,762,6691,10894,677
2024-09-12,ID001,COMPANY A,,CZECH REPUBLIC,76714,18067,9509,8589,8288,6362,1707,171,10692,14051,37122
2024-09-12,ID003,COMPANY C,,UKRAINE,96841,12652,8657,933,2581,256,7165,717,15649,2825,38100
2024-09-10,ID001,COMPANY A,,NORTH KOREA,68944,57533,8074,1712,5332,7558,9928,993,6100,5878,12199
2024-09-10,ID002,COMPANY B,,MAURITIUS,44503,69604,4254,5629,3317,2279,5548,555,11189,1476,6513
2024-09-10,ID003,COMPANY C,,CHINA,42986,20555,1919,9496,3880,2820,7256,726,13178,17895,24506
2024-09-09,ID002,COMPANY B,,DEMOCRATIC REPUBLIC OF THE CONGO,67504,27047,7737,6255,4888,4561,7887,789,9787,4204,39075
2024-09-09,ID002,COMPANY B,,YEMEN,54793,90230,7403,710,7112,3610,8456,846,14156,5345,16139
2024-09-09,ID003,COMPANY C,,CHINA,30947,38244,6316,8541,8049,3580,7205,721,3811,6356,46930
2024-09-09,ID004,COMPANY D,,CHINA,17903,46843,2124,4884,2605,1995,4711,471,7967,15593,13133
2024-09-08,ID002,COMPANY B,,GHANA,10657,33546,4046,8882,5050,1922,4073,407,1004,18100,4513
2024-09-07,ID001,COMPANY A,,GAMBIA,27610,84243,6255,935,1746,7263,971,97,6949,952,12888
2024-09-07,ID002,COMPANY B,,INDONESIA,65419,44546,1674,4021,5467,1740,9251,925,12155,3777,42250
2024-09-06,ID003,COMPANY C,,CHINA,61054,54340,6039,4266,9277,3443,2577,258,19984,11119,15546
2024-09-06,ID004,COMPANY D,PROVINCIE ZUID-HOLLAND,NETHERLANDS,23406,77315,9588,3448,7541,7799,5041,504,10756,12806,45305
2024-09-06,ID004,COMPANY D,,SERBIA,44496,82701,7066,246,2048,997,3460,346,8673,14722,18960
2024-09-06,ID004,COMPANY D,,SERBIA,32633,15625,8501,9297,8239,9844,6565,657,12027,8486,14094
2024-09-04,ID004,COMPANY D,,INDONESIA,33510,84630,6564,423,7752,9638,1462,146,1050,18601,30592
2024-09-01,ID001,COMPANY A,RHÔNE-ALPES,FRANCE,17096,49296,7998,3504,8599,288,6822,682,11598,13996,48556
2024-09-01,ID002,COMPANY B,,INDONESIA,82372,65474,4682,5344,7750,708,1649,165,1111,1672,34713
2024-09-01,ID002,COMPANY B,,INDONESIA,71764,95959,3551,7787,2370,8424,2953,295,17288,13255,32576
2024-08-28,ID002,COMPANY B,,CHINA,25889,26673,3487,8658,9364,4537,724,72,768,4654,49051
2024-08-25,ID002,COMPANY B,,RUSSIA,70138,82705,2702,9891,3309,9699,5102,510,18108,8303,33085
2024-08-25,ID003,COMPANY C,OAXACA,MEXICO,51278,61425,9634,8908,2196,8880,4819,482,13163,12498,37220
2024-08-25,ID004,COMPANY D,,CHINA,62943,55254,5778,913,7268,8373,2457,246,7760,7112,9068
2024-08-24,ID001,COMPANY A,LEIRIA,PORTUGAL,61964,99270,4135,942,2176,7564,183,18,6097,16680,15129
2024-08-23,ID003,COMPANY C,BEJA,PORTUGAL,59812,98450,3181,7991,1198,6770,866,87,10492,12163,1621
2024-08-23,ID004,COMPANY D,NEWFOUNDLAND AND LABRADOR,CANADA,37001,64470,9687,3895,7471,9428,5095,510,2410,5371,21158
2024-08-22,ID001,COMPANY A,,INDONESIA,85778,15074,4579,2164,1559,2150,9194,919,8610,12164,18243
2024-08-22,ID003,COMPANY C,,PHILIPPINES,33743,27416,5165,7823,9992,441,9334,933,2441,8154,16551
2024-08-22,ID004,COMPANY D,,PHILIPPINES,67188,22176,2299,3073,6685,4097,1588,159,13082,7114,24572
2024-08-21,ID004,COMPANY D,TENNESSEE,UNITED STATES,82996,32798,4911,4459,7358,6612,6184,618,15022,16667,25486
2024-08-20,ID002,COMPANY B,,COLOMBIA,99495,86282,4533,2141,1435,3459,4113,411,5611,11227,36747
2024-08-20,ID003,COMPANY C,,JAPAN,14186,32703,2860,4928,5960,885,1180,118,9062,12156,30248
2024-08-19,ID001,COMPANY A,,INDONESIA,15222,32959,2430,1814,1449,8477,529,53,4778,8725,44572
2024-08-18,ID003,COMPANY C,,BRAZIL,60843,48983,7496,4263,2488,5207,3779,378,5884,1638,41508
2024-08-16,ID001,COMPANY A,,CHINA,94547,28163,5907,3365,9840,7188,3319,332,10886,1847,3610
2024-08-16,ID004,COMPANY D,ÖSTERGÖTLAND,SWEDEN,42933,99441,3539,5197,9363,4831,9185,919,9971,2002,28381
2024-08-15,ID002,COMPANY B,,GAMBIA,17156,33898,7087,3194,1089,2470,7664,766,13963,16824,4094
2024-08-15,ID004,COMPANY D,,CHINA,85957,47723,1066,4910,7796,8433,5267,527,4251,1803,17042
2024-08-14,ID004,COMPANY D,,PHILIPPINES,59487,54504,1637,6276,8455,4361,4540,454,4710,6542,29975
2024-08-13,ID002,COMPANY B,,POLAND,37740,86997,2195,2595,8904,2241,7625,763,19175,11656,45349
2024-08-12,ID004,COMPANY D,,INDONESIA,63082,85292,7643,7272,3563,1996,506,51,1766,5838,19266
2024-08-11,ID002,COMPANY B,,INDONESIA,90081,62834,8319,5938,3868,617,2430,243,19017,10301,17675
2024-08-09,ID004,COMPANY D,MORE OG ROMDAL,NORWAY,61587,22467,7695,7723,4131,5674,3026,303,8407,7518,39153
2024-08-08,ID001,COMPANY A,SABAH,MALAYSIA,52042,21529,9749,6956,1882,3535,2349,235,1435,14329,28015
2024-08-08,ID004,COMPANY D,,CHINA,83250,92807,5240,6971,8942,6233,7118,712,2285,17434,36376
2024-08-07,ID001,COMPANY A,,BRAZIL,51233,68388,4046,5902,7426,68,6067,607,13319,18528,3983
2024-08-07,ID002,COMPANY B,,RUSSIA,74314,95091,6509,3856,9986,3086,8415,842,9669,9558,39064
2024-08-03,ID002,COMPANY B,,PHILIPPINES,57015,10429,2992,7924,1756,7551,8097,810,2423,18658,29634
2024-08-03,ID004,COMPANY D,,CROATIA,13837,69479,6161,8742,130,3895,2227,223,303,17557,30305
2024-08-01,ID002,COMPANY B,,COLOMBIA,10269,57067,2678,7684,4828,5353,3493,349,9907,6245,16428
2024-07-31,ID002,COMPANY B,PAYS DE LA LOIRE,FRANCE,91697,26239,5662,4172,2784,8379,9117,912,12671,15457,2255
2024-07-30,ID001,COMPANY A,,YEMEN,70809,17119,3181,4787,5337,6943,7185,719,15405,17256,16281
2024-07-28,ID001,COMPANY A,,PHILIPPINES,32092,14641,1542,8217,5553,4983,6445,645,7427,11062,13744
2024-07-28,ID003,COMPANY C,,ALAND ISLANDS,42031,10919,4576,9240,1496,6222,6024,602,3626,11113,35729
2024-07-26,ID002,COMPANY B,,CROATIA,66647,16991,4123,9355,8740,1730,3493,349,15706,14776,21407
2024-07-26,ID003,COMPANY C,,CZECH REPUBLIC,99000,21643,4243,5835,2087,9710,9666,967,7612,18911,14236
2024-07-26,ID004,COMPANY D,,CHINA,88062,44303,1498,5349,5545,2152,6901,690,13228,4973,40296
2024-07-25,ID002,COMPANY B,PAYS DE LA LOIRE,FRANCE,50743,83112,6318,8806,2508,9373,4194,419,1015,14354,25157
2024-07-25,ID003,COMPANY C,,RUSSIA,73228,65204,5886,3795,8837,1641,9312,931,17000,10879,41010
2024-07-25,ID003,COMPANY C,,NEW ZEALAND,63090,96227,2328,9744,1330,4675,1943,194,11600,4552,38208
2024-07-22,ID002,COMPANY B,,JAPAN,36059,75640,9641,8881,871,9147,1909,191,19161,3662,29470
2024-07-22,ID003,COMPANY C,,BELARUS,22346,34241,2504,4335,1696,2029,7424,742,19155,13537,8799
2024-07-21,ID001,COMPANY A,HAUTE-NORMANDIE,FRANCE,48415,91206,2042,2800,9665,2470,1323,132,5524,18271,1513
2024-07-21,ID001,COMPANY A,,CHINA,96303,43645,9829,7935,2785,7621,2893,289,8293,7028,25597
2024-07-20,ID001,COMPANY A,,INDONESIA,87809,19126,6106,1579,9814,2649,9076,908,6706,4189,2919
2024-07-18,ID001,COMPANY A,,INDONESIA,16684,77473,3241,3998,3008,9795,3669,367,6484,2857,15919
2024-07-18,ID003,COMPANY C,,INDONESIA,63772,17545,1784,9396,6869,934,3954,395,18728,3937,42608
2024-07-18,ID004,COMPANY D,,ARGENTINA,75392,99523,8491,9109,5930,9018,2993,299,14780,8872,5325
2024-07-17,ID004,COMPANY D,,CHINA,54816,69818,2793,4469,6,4639,5734,573,15492,18028,43020
2024-07-15,ID001,COMPANY A,,COLOMBIA,25868,33384,7982,1763,2060,8214,2262,226,1233,11839,529
2024-07-13,ID002,COMPANY B,,KAZAKHSTAN,54155,11911,3552,1746,9525,7127,5894,589,19056,4969,34162
2024-07-12,ID003,COMPANY C,,AFGHANISTAN,77979,62410,9576,2815,2757,1687,300,30,9578,10958,47943
2024-07-11,ID002,COMPANY B,TENNESSEE,UNITED STATES,45148,14483,7433,8793,9058,5199,4718,472,14831,7516,4152
2024-07-10,ID001,COMPANY A,,FINLAND,58146,86947,9703,1617,5365,6496,8164,816,345,16695,17219
2024-07-10,ID001,COMPANY A,,BOTSWANA,45000,96040,3821,3828,9001,1401,6061,606,13742,2302,25407
2024-07-09,ID001,COMPANY A,FARO,PORTUGAL,32694,24633,5210,7022,7285,5226,8246,825,4657,6542,31636
2024-07-09,ID003,COMPANY C,,INDONESIA,63494,89102,6537,1398,5446,7583,3241,324,11833,28,43076
2024-07-09,ID004,COMPANY D,PORTO,PORTUGAL,77549,68138,9426,5013,2508,303,1920,192,5296,8080,17750
2024-07-08,ID003,COMPANY C,,SOUTH AFRICA,22816,81591,5806,3265,7832,900,1374,137,4642,16177,48215
2024-07-08,ID004,COMPANY D,ÎLE-DE-FRANCE,FRANCE,14793,40576,3972,3551,8497,2088,3795,380,5288,16655,6474
2024-07-07,ID003,COMPANY C,,CHINA,35092,25349,4348,7436,3770,62,6028,603,7600,13023,3183
2024-07-06,ID001,COMPANY A,,CHINA,35190,33324,8051,1918,2159,7010,7752,775,12361,16169,12757
2024-07-06,ID003,COMPANY C,,INDONESIA,13989,97019,6500,519,9096,1277,1405,141,9258,4941,39230
2024-07-05,ID001,COMPANY A,MANITOBA,CANADA,37337,98884,3742,6169,5794,5058,3610,361,6514,15187,20317
2024-07-05,ID002,COMPANY B,,CHINA,54459,14977,8713,1098,9330,3198,7838,784,19341,6708,35780
2024-07-05,ID003,COMPANY C,,PHILIPPINES,82969,32549,7480,4565,1632,1043,5170,517,1287,8067,24712
2024-07-04,ID001,COMPANY A,,LESOTHO,98266,15741,1545,4702,2332,1476,9858,986,9903,11031,14488
2024-07-04,ID001,COMPANY A,,ARMENIA,78981,15730,3377,5619,771,8962,6305,631,19616,3439,17166
2024-07-03,ID001,COMPANY A,,SRI LANKA,80350,58521,2002,6330,3479,7142,9441,944,15582,8501,25782
2024-07-03,ID002,COMPANY B,ÎLE-DE-FRANCE,FRANCE,26154,71872,3301,3531,3118,8345,1854,185,19946,11103,42449
2024-07-02,ID003,COMPANY C,,CHINA,69033,26754,1219,5573,1433,8362,7109,711,8414,581,5044
2024-06-29,ID003,COMPANY C,,GEORGIA,51402,64894,1583,2865,607,4820,5709,571,4542,15300,45439
2024-06-28,ID002,COMPANY B,,AFGHANISTAN,67650,59235,9944,3674,2719,1713,1324,132,9024,13761,46087
2024-06-28,ID003,COMPANY C,,INDONESIA,15111,42998,9384,207,7464,1585,5510,551,11678,7191,35808
2024-06-28,ID004,COMPANY D,,RUSSIA,89559,42462,9172,3730,5347,1012,8792,879,15947,14336,48227
2024-06-27,ID003,COMPANY C,,CHINA,53161,25340,5664,8957,733,5954,1550,155,18498,160,37898
2024-06-27,ID004,COMPANY D,,CHINA,28505,32442,9289,8368,9606,8868,3040,304,6542,12596,49786
2024-06-26,ID003,COMPANY C,,INDONESIA,21689,99939,6756,3454,2142,8713,928,93,16332,13313,7912
2024-06-26,ID003,COMPANY C,,COLOMBIA,45011,59292,9315,391,1093,4939,824,82,766,8406,38913
2024-06-25,ID004,COMPANY D,,JAPAN,14957,20971,1760,455,2848,2702,8119,812,12894,1381,4818
2024-06-24,ID004,COMPANY D,,INDONESIA,38127,93877,4620,2583,716,5420,5605,561,15008,17606,40514
2024-06-23,ID002,COMPANY B,LISBOA,PORTUGAL,10254,76482,2153,7657,3364,8126,6734,673,12550,13978,21639
2024-06-23,ID004,COMPANY D,,BENIN,95454,69637,3519,6798,8943,4798,8807,881,16211,18870,25064
2024-06-22,ID001,COMPANY A,,GAMBIA,45092,73881,2221,4069,7951,7936,6027,603,10112,15903,12598
2024-06-21,ID001,COMPANY A,,RUSSIA,66043,45687,4104,5492,5707,4555,6613,661,3221,14857,25905
2024-06-21,ID004,COMPANY D,,JAPAN,78559,91985,8636,429,2155,8019,7166,717,3845,5648,48479
2024-06-21,ID004,COMPANY D,,CHINA,88822,39711,9364,9913,6679,3088,4382,438,2181,3048,48814
2024-06-20,ID002,COMPANY B,,INDONESIA,41358,41264,9529,444,8161,9681,4331,433,14124,19306,37234
2024-06-18,ID003,COMPANY C,,MADAGASCAR,90086,27525,5878,2842,8782,9131,9462,946,8424,839,42814
2024-06-18,ID004,COMPANY D,,EQUATORIAL GUINEA,43001,28903,5475,588,6627,5874,4871,487,5103,19600,1177
2024-06-17,ID002,COMPANY B,,FAROE ISLANDS,23084,81504,2749,2140,2488,7281,3578,358,19367,5576,32752
2024-06-17,ID004,COMPANY D,,PHILIPPINES,66838,77069,8131,5777,6125,4184,533,53,4743,13019,40891
2024-06-17,ID004,COMPANY D,,CHINA,47911,23770,3581,9292,9761,5608,1574,157,14716,2992,27370
2024-06-17,ID004,COMPANY D,KALMAR,SWEDEN,22965,58048,9960,1020,5388,3179,5172,517,4103,6315,48149
2024-06-16,ID003,COMPANY C,,PERU,70125,49574,7476,2390,1811,6339,8203,820,5607,11265,47217
2024-06-14,ID004,COMPANY D,ÖSTERGÖTLAND,SWEDEN,86625,56235,6459,8207,6896,750,9503,950,176,13985,23383
2024-06-13,ID002,COMPANY B,,PAKISTAN,78626,50458,6752,1337,5377,6081,1412,141,12268,13021,31954
2024-06-13,ID003,COMPANY C,,JAPAN,32084,56767,3139,7249,1920,6208,4463,446,18310,8782,43535
2024-06-10,ID003,COMPANY C,,MALAWI,93191,35046,4431,4216,3509,1301,8254,825,10011,3440,30827
2024-06-09,ID004,COMPANY D,,RUSSIA,69270,60184,6829,9025,2444,579,2378,238,1636,15422,35147
2024-06-06,ID001,COMPANY A,,CHINA,41114,33555,4104,3247,4906,1397,8208,821,7844,18596,6874
2024-06-06,ID002,COMPANY B,,UKRAINE,41070,97592,8168,5181,392,3459,425,43,9531,19092,23764
2024-06-04,ID004,COMPANY D,,CHINA,81313,12534,2956,9621,7095,8781,4566,457,3652,15107,1700
2024-06-03,ID004,COMPANY D,VÄSTRA GÖTALAND,SWEDEN,10629,93346,1070,6041,2423,5788,1519,152,3805,6131,28711
2024-06-02,ID003,COMPANY C,,CHINA,44361,91770,2944,8763,3859,7022,7262,726,10325,8200,29740
2024-06-01,ID001,COMPANY A,,RUSSIA,56287,76973,4633,2204,2933,9624,2292,229,13006,11101,11239
2024-05-31,ID003,COMPANY C,,POLAND,69404,38811,9824,4707,4985,5857,4397,440,8158,19316,34827
2024-05-30,ID001,COMPANY A,,BURKINA FASO,37906,13171,3970,2997,6067,470,4254,425,7513,15516,17864
2024-05-30,ID003,COMPANY C,,CYPRUS,86994,31032,2351,1516,7962,5559,1703,170,18412,17311,2060
2024-05-30,ID004,COMPANY D,,CZECH REPUBLIC,41523,90184,2196,6522,4259,5045,7237,724,4178,17813,49007
2024-05-28,ID001,COMPANY A,,RUSSIA,37339,11751,4642,6687,5136,8800,741,74,18674,18081,46010
2024-05-28,ID003,COMPANY C,,MYANMAR,86305,56223,6086,527,2082,6334,2024,202,4246,8330,44963
2024-05-28,ID003,COMPANY C,,CHINA,60991,94151,6168,3127,9809,4850,6696,670,9908,18037,32368
2024-05-28,ID003,COMPANY C,,LUXEMBOURG,71355,61091,9283,4047,952,8522,8553,855,4604,13573,43782
2024-05-27,ID001,COMPANY A,,TANZANIA,36967,24383,7889,2747,3578,1916,4244,424,7472,5630,6263
2024-05-26,ID004,COMPANY D,VISEU,PORTUGAL,20745,49189,2433,736,2837,3135,7535,754,19370,19478,3886
2024-05-25,ID002,COMPANY B,,POLAND,65550,15380,8406,1445,2487,1304,6860,686,8810,7227,14589
2024-05-25,ID003,COMPANY C,,HONDURAS,91821,99771,6714,6997,9707,3006,1807,181,15286,13580,16770
2024-05-25,ID003,COMPANY C,,UKRAINE,23334,69659,3695,8024,9793,7956,5569,557,5559,17151,42762
2024-05-25,ID003,COMPANY C,,GUATEMALA,83936,27264,7925,796,9619,8802,2558,256,19831,15254,38858
2024-05-24,ID003,COMPANY C,,CUBA,33759,11677,6528,6261,5850,3561,4182,418,230,10664,8723
2024-05-24,ID004,COMPANY D,,PERU,64589,45783,6325,1457,8130,4355,2367,237,3951,7335,35727
2024-05-23,ID001,COMPANY A,PROVENCE-ALPES-CÔTE D'AZUR,FRANCE,43222,52322,7401,5378,9544,4054,6930,693,18995,11263,13655
2024-05-23,ID002,COMPANY B,,DOMINICAN REPUBLIC,51173,98309,1189,3557,6041,8741,1498,150,19068,6977,399
2024-05-23,ID004,COMPANY D,,INDONESIA,22033,69457,2054,7852,8871,453,7844,784,9526,18086,7969
2024-05-22,ID001,COMPANY A,,CHINA,70403,67337,4248,1688,5112,9803,4907,491,9843,7557,48878
2024-05-22,ID003,COMPANY C,BRAGA,PORTUGAL,75633,93583,2250,7187,9786,6224,4126,413,1936,19382,8351
2024-05-21,ID002,COMPANY B,,RUSSIA,36636,46480,1829,6045,6901,6245,9975,998,13028,8218,20679
2024-05-21,ID003,COMPANY C,,SYRIA,90256,67082,6957,2891,3304,5461,7823,782,7507,5300,22910
2024-05-21,ID004,COMPANY D,,POLAND,71479,82242,2603,3816,9388,6052,5643,564,14887,18680,16270
2024-05-20,ID001,COMPANY A,,PHILIPPINES,58848,55848,2266,7875,1472,8263,4286,429,14162,19813,19833
2024-05-20,ID002,COMPANY B,,CHINA,79949,49213,2272,3568,8725,9556,8567,857,12042,6755,44179
2024-05-20,ID002,COMPANY B,,COLOMBIA,15779,74088,3701,907,8867,9297,5070,507,2393,9139,28684
2024-05-19,ID004,COMPANY D,,INDONESIA,69167,43095,4188,1485,2083,5760,5193,519,9717,3102,3780
2024-05-18,ID003,COMPANY C,,INDONESIA,39737,96450,9663,798,1340,3687,4560,456,5019,10229,49261
2024-05-17,ID003,COMPANY C,MARTINIQUE,MARTINIQUE,74215,86500,8654,1634,5285,7931,3205,321,5354,17802,21291
2024-05-17,ID004,COMPANY D,,BRAZIL,93609,76636,1466,9300,2682,5029,8814,881,13256,4360,16936
2024-05-16,ID003,COMPANY C,ÎLE-DE-FRANCE,FRANCE,84545,87771,7231,2313,2058,703,9012,901,5102,224,42476
2024-05-15,ID002,COMPANY B,,GREECE,54016,17312,3912,1724,8420,577,7501,750,17454,2959,31737
2024-05-14,ID002,COMPANY B,,COLOMBIA,71592,92179,1944,8572,4648,8311,383,38,17447,2352,17818
2024-05-12,ID004,COMPANY D,,INDONESIA,49127,78497,9537,8491,4132,9335,6531,653,7146,14407,36130
2024-05-11,ID001,COMPANY A,GUANAJUATO,MEXICO,91771,61149,1197,1090,6176,7305,4209,421,13495,10437,13636
2024-05-11,ID002,COMPANY B,VÄRMLAND,SWEDEN,30187,93741,2938,9709,9239,6534,5630,563,9439,12284,23170
2024-05-10,ID002,COMPANY B,,NIGERIA,97421,75267,5922,8568,3804,5719,6163,616,9193,11872,48297
2024-05-10,ID003,COMPANY C,,NEW ZEALAND,31000,84750,1279,1700,869,7074,9459,946,1658,9708,26859
2024-05-09,ID004,COMPANY D,,RUSSIA,27166,41189,8181,9335,6665,2785,2839,284,3278,14302,32732
2024-05-08,ID004,COMPANY D,PORTO,PORTUGAL,35678,95335,3553,3039,2165,1734,664,66,3457,4228,13044
2024-05-08,ID004,COMPANY D,,INDONESIA,48120,24400,1119,5419,6487,5597,2582,258,16234,8212,29989
2024-05-07,ID001,COMPANY A,,RUSSIA,36749,70267,7264,8229,63,1381,2112,211,5480,7918,42690
2024-05-07,ID001,COMPANY A,,CHINA,93186,77538,2120,7662,6658,4784,3521,352,9777,17926,39167
2024-05-07,ID003,COMPANY C,,RUSSIA,30667,32494,1643,7016,7063,8681,2551,255,2276,838,37738
2024-05-06,ID001,COMPANY A,,BRAZIL,73746,65509,3171,1562,8992,881,8439,844,18162,9685,24802
2024-05-06,ID001,COMPANY A,,PHILIPPINES,66861,85377,3791,2732,8868,31,515,52,3177,18189,20606
2024-05-06,ID003,COMPANY C,,MADAGASCAR,90397,85351,4879,7016,949,1176,5336,534,117,5821,46642
2024-05-05,ID002,COMPANY B,STOCKHOLM,SWEDEN,15535,54994,8733,286,1694,7115,7389,739,15355,19574,40398
2024-05-03,ID001,COMPANY A,,PERU,40342,60475,2013,6131,4186,6020,9492,949,171,17565,8116
2024-05-03,ID002,COMPANY B,NORRBOTTEN,SWEDEN,38942,39769,9066,8375,6588,239,913,91,11162,2973,5416
2024-05-03,ID003,COMPANY C,,CHINA,73681,66652,6416,6452,5588,3311,7859,786,2987,14382,47725
2024-05-01,ID003,COMPANY C,,PAKISTAN,14518,10908,6376,9814,6062,6668,5786,579,4475,1493,31376
2024-05-01,ID004,COMPANY D,,UKRAINE,68889,95796,7858,5275,2548,5226,4918,492,17094,4751,1260
2024-04-30,ID003,COMPANY C,,JAPAN,44433,77560,5111,5839,6547,6806,8699,870,2439,3460,17568
2024-04-30,ID003,COMPANY C,CHIAPAS,MEXICO,67785,27882,9238,9109,157,4088,3559,356,2775,5544,23524
2024-04-29,ID001,COMPANY A,,URUGUAY,60099,78250,9533,7462,9084,8133,5068,507,19948,11765,14978
2024-04-29,ID002,COMPANY B,,HONDURAS,51835,47407,1066,9584,8351,4135,6587,659,9994,16527,16808
2024-04-28,ID001,COMPANY A,,LIBYA,62234,76819,9399,8597,6146,668,5939,594,7101,8087,4089
2024-04-28,ID004,COMPANY D,,INDONESIA,27819,68801,7735,8583,4485,9281,6559,656,2331,15019,462
2024-04-26,ID002,COMPANY B,,POLAND,66392,76410,3360,4301,7611,6721,5249,525,10028,12992,20784
2024-04-26,ID003,COMPANY C,,ZAMBIA,67094,69667,7286,2552,1733,761,9822,982,8866,11112,28412
2024-04-24,ID002,COMPANY B,ROGALAND,NORWAY,92151,47031,4316,7043,3187,2221,1901,190,1112,2544,12326
2024-04-23,ID001,COMPANY A,,CHINA,58429,80900,6820,9190,2528,3959,2839,284,9082,13056,9495
2024-04-23,ID003,COMPANY C,,CHINA,36930,62800,3703,40,862,1955,7813,781,10005,389,20631
2024-04-23,ID004,COMPANY D,,POLAND,14479,18467,7584,2739,911,5294,2426,243,1823,6796,3605
2024-04-22,ID001,COMPANY A,VÄSTERBOTTEN,SWEDEN,17341,52840,8337,5463,6402,4009,4711,471,17336,5691,19233
2024-04-22,ID004,COMPANY D,,PHILIPPINES,91094,95118,2788,8343,4295,2408,8454,845,15257,10409,20026
2024-04-20,ID002,COMPANY B,LISBOA,PORTUGAL,23959,31062,5711,749,1340,9440,5289,529,3292,6936,2848
2024-04-19,ID002,COMPANY B,,NIGER,71004,54340,3117,6743,9813,6567,6787,679,8384,11771,23430
2024-04-19,ID004,COMPANY D,,ECUADOR,58509,51060,9563,7306,8203,9956,6231,623,15465,13277,22937
2024-04-17,ID001,COMPANY A,,BRAZIL,65082,92842,9914,2780,8825,9507,9323,932,18573,6372,20417
2024-04-17,ID004,COMPANY D,HAUTE-NORMANDIE,FRANCE,19989,65517,2086,530,1483,9906,7117,712,14994,19523,12319
2024-04-16,ID001,COMPANY A,,CHINA,64943,51013,8810,9927,8269,5175,5174,517,5841,5612,8402
2024-04-16,ID002,COMPANY B,GEORGIA,UNITED STATES,12627,71244,9709,416,1637,2023,8221,822,12943,17604,41705
2024-04-16,ID003,COMPANY C,,CHINA,51405,13107,1713,9366,5540,4065,1138,114,12179,13497,30487
2024-04-16,ID003,COMPANY C,,BOSNIA AND HERZEGOVINA,95535,15346,7221,6759,1102,4387,601,60,693,8745,5239
2024-04-14,ID001,COMPANY A,,MALTA,38214,94484,9444,5618,9233,6448,7558,756,18888,12849,13686
2024-04-11,ID003,COMPANY C,,FAROE ISLANDS,14725,38605,5153,8666,386,9478,641,64,6996,19897,34834
2024-04-10,ID003,COMPANY C,SKÅNE,SWEDEN,85190,63946,4990,3390,4903,200,1865,187,12942,18824,49940
2024-04-09,ID001,COMPANY A,,CHINA,52188,27818,1997,6372,9216,1802,4394,439,5317,14560,27964
2024-04-09,ID002,COMPANY B,,RUSSIA,48198,58553,7777,8563,8417,9026,4046,405,5056,4013,32002
2024-04-08,ID002,COMPANY B,,GAMBIA,62279,89479,8635,2986,7571,8795,8213,821,19800,7502,15747
2024-04-07,ID003,COMPANY C,,VIETNAM,34411,32503,7133,3542,6452,2322,7507,751,10227,985,30055
2024-04-06,ID001,COMPANY A,,INDONESIA,20484,18007,1548,5495,5667,8743,4416,442,1855,8700,48932
2024-04-06,ID001,COMPANY A,,PHILIPPINES,60672,45497,4513,9246,1979,3170,3932,393,8601,9643,30612
2024-04-05,ID003,COMPANY C,,GREECE,47640,92322,7233,6710,9326,8427,8018,802,1658,1030,16747
2024-04-03,ID003,COMPANY C,,PHILIPPINES,40429,42971,5322,9638,9410,9750,1257,126,17203,11807,31325
2024-04-02,ID001,COMPANY A,,IRAN,23215,93287,7118,7806,5594,3430,2762,276,414,8438,6289
2024-04-01,ID002,COMPANY B,,IRAQ,68580,13163,5540,2838,4043,2729,6164,616,18432,7182,33079
2024-03-30,ID001,COMPANY A,,INDONESIA,43099,22277,9950,7871,8741,684,4688,469,16742,13725,41283
2024-03-30,ID001,COMPANY A,MINNESOTA,UNITED STATES,70186,40074,8689,3230,1069,5604,5481,548,19440,9623,15227
2024-03-29,ID001,COMPANY A,,INDONESIA,32612,92193,1839,415,685,8874,5592,559,4102,5080,33003
2024-03-27,ID001,COMPANY A,,PHILIPPINES,19224,78305,1405,2545,6855,5929,4146,415,14406,9404,11970
2024-03-27,ID002,COMPANY B,,RUSSIA,51085,58828,5588,2596,3163,9939,3138,314,7011,10042,35593
2024-03-26,ID001,COMPANY A,,INDONESIA,36362,82894,6632,1857,4117,4293,6270,627,9030,17228,20761
2024-03-26,ID002,COMPANY B,,INDONESIA,14824,28886,8606,3264,4492,6160,7156,716,1429,2056,32358
2024-03-26,ID003,COMPANY C,,SYRIA,70129,79390,2076,2649,6858,5073,4539,454,1020,4275,35223
2024-03-24,ID002,COMPANY B,,CHINA,82330,21796,2357,7624,2643,2378,3946,395,11935,6756,23840
2024-03-24,ID004,COMPANY D,,INDONESIA,99040,21770,7965,7274,2740,1184,2268,227,764,1788,14263
2024-03-24,ID004,COMPANY D,,POLAND,54163,10766,1219,9513,4133,83,3781,378,10453,15545,31363
2024-03-23,ID002,COMPANY B,,INDONESIA,20233,85347,2746,1198,3408,6539,1905,191,11350,8633,31566
2024-03-23,ID003,COMPANY C,,KAZAKHSTAN,65913,73687,4590,5419,6684,6348,4964,496,7536,9517,24718
2024-03-23,ID004,COMPANY D,,VIETNAM,61706,87691,1711,9135,504,2495,3690,369,18921,6805,45844
2024-03-22,ID001,COMPANY A,,CHINA,65569,78434,3867,2837,9999,3682,8402,840,10652,18309,30453
2024-03-22,ID001,COMPANY A,,BRAZIL,28244,92092,1948,2949,1682,6575,3231,323,17733,9521,47194
2024-03-22,ID001,COMPANY A,,CHINA,24195,88507,9685,5362,934,5509,9613,961,441,942,38033
2024-03-22,ID003,COMPANY C,,CHINA,27381,77508,5789,8601,4638,4384,1956,196,11716,4075,39481
2024-03-21,ID001,COMPANY A,,POLAND,65051,18119,9689,5189,7257,8101,4703,470,3403,1083,26785
2024-03-21,ID001,COMPANY A,,CHINA,25718,56562,7242,9147,5893,2547,7919,792,1885,5916,907
2024-03-21,ID001,COMPANY A,,PHILIPPINES,62107,47384,9163,6078,511,7820,4569,457,5206,12372,49656
2024-03-21,ID004,COMPANY D,,NEW ZEALAND,40403,59026,1980,6842,6437,2364,3004,300,17775,4868,16685
2024-03-20,ID001,COMPANY A,,CHINA,37879,24922,3165,9774,8178,7540,8995,900,2998,15514,20009
2024-03-20,ID004,COMPANY D,,ARMENIA,77680,83744,6666,1745,3910,3657,2559,256,8825,9887,43794
2024-03-20,ID004,COMPANY D,,CHINA,70950,62399,2020,1751,5879,4560,4308,431,8752,2659,17055
2024-03-19,ID001,COMPANY A,,MOZAMBIQUE,29233,61874,2456,4253,1213,4446,3491,349,13873,3437,13989
2024-03-19,ID002,COMPANY B,,LATVIA,99030,17709,2131,3400,1573,3835,1686,169,4934,3458,18213
2024-03-19,ID002,COMPANY B,,THAILAND,37617,54989,8001,576,9914,1811,4283,428,7456,6173,10075
2024-03-18,ID004,COMPANY D,,CHINA,60253,34905,8345,6949,5333,3191,9765,977,12219,14638,49775
2024-03-17,ID001,COMPANY A,CALIFORNIA,UNITED STATES,61463,38738,5138,2948,5309,202,59,6,2668,5669,31492
2024-03-16,ID003,COMPANY C,,TANZANIA,25280,66752,1312,6369,9085,923,1269,127,6349,19700,44372
2024-03-16,ID004,COMPANY D,,CZECH REPUBLIC,92305,72165,8672,6502,6852,7655,9100,910,5742,11182,29295
2024-03-15,ID002,COMPANY B,,PERU,70432,37132,9776,2832,6308,5906,5517,552,12927,15316,29557
2024-03-14,ID003,COMPANY C,,RUSSIA,92042,83413,6317,87,3553,7116,2221,222,7675,13479,3154
2024-03-12,ID001,COMPANY A,,CZECH REPUBLIC,15018,55366,1279,3692,4445,5832,7661,766,1377,3589,24416
2024-03-11,ID002,COMPANY B,,HAITI,68967,72149,8657,5155,9221,9764,5395,540,13788,885,47336
2024-03-10,ID002,COMPANY B,,POLAND,15278,41098,5758,6812,8301,2737,9225,923,12069,7882,28744
2024-03-10,ID003,COMPANY C,,INDONESIA,19874,36708,3469,3332,5172,2220,1002,100,3895,14912,37517
2024-03-08,ID001,COMPANY A,,POLAND,78822,29868,4735,424,7297,1820,53,5,7087,6681,30021
2024-03-08,ID003,COMPANY C,,POLAND,87263,44069,8353,4481,7116,8807,9047,905,14788,5401,45952
2024-03-08,ID004,COMPANY D,,RUSSIA,50055,24355,3868,3316,8971,6127,173,17,7110,2218,35653
2024-03-08,ID004,COMPANY D,ÎLE-DE-FRANCE,FRANCE,46401,83593,8307,8038,8759,1712,4441,444,4657,5961,37945
2024-03-06,ID004,COMPANY D,,CHINA,22693,28932,4988,806,9152,5063,2834,283,17097,1782,17690
2024-03-05,ID004,COMPANY D,,ISRAEL,86145,88475,6204,214,3026,914,3145,315,19780,12888,2380
2024-03-04,ID004,COMPANY D,,ISRAEL,11280,24451,6049,3887,4529,5285,1556,156,18728,16489,34954
2024-03-02,ID003,COMPANY C,,BRAZIL,32727,90383,1472,239,1584,1398,8409,841,16927,3511,6195
2024-03-01,ID001,COMPANY A,,INDONESIA,29020,16117,5224,7601,3563,6743,3914,391,17252,8305,34172
2024-03-01,ID002,COMPANY B,,CHINA,99374,16394,3475,2158,6346,9732,58,6,18396,4160,34638
2024-03-01,ID004,COMPANY D,,GUATEMALA,97882,18247,9073,4931,199,2047,7140,714,9464,10153,37080
2024-02-28,ID001,COMPANY A,,SOUTH AFRICA,25684,97595,1897,8658,149,1499,3627,363,7227,12804,30979
2024-02-28,ID002,COMPANY B,,GAMBIA,15688,54488,5170,4296,1342,1515,7382,738,1511,8223,46266
2024-02-28,ID003,COMPANY C,,INDONESIA,34582,53829,9207,9386,3086,4136,9102,910,16238,11240,19191
2024-02-27,ID001,COMPANY A,,CHINA,86974,84207,6077,6939,7322,6453,526,53,6469,1872,39255
2024-02-24,ID001,COMPANY A,,PALESTINIAN TERRITORY,21678,58291,3065,676,9989,6126,3291,329,10068,12073,12857
2024-02-24,ID003,COMPANY C,,INDONESIA,19541,80927,1793,3036,9477,7154,18,2,14402,659,19408
2024-02-24,ID004,COMPANY D,,COLOMBIA,74097,68838,5755,9318,3594,2454,2180,218,18948,1870,3763
2024-02-23,ID001,COMPANY A,,INDONESIA,85145,27293,5762,2523,6998,5219,5504,550,17222,11782,20304
2024-02-23,ID001,COMPANY A,,CHINA,34912,77081,7066,2991,6408,982,4906,491,18261,4633,7241
2024-02-21,ID001,COMPANY A,,EGYPT,97671,18135,1512,5869,4577,7387,8877,888,8037,1838,40549
2024-02-20,ID002,COMPANY B,,RUSSIA,19608,74168,6132,4149,1577,9896,5592,559,14340,8213,20969
2024-02-19,ID002,COMPANY B,,POLAND,82164,82816,5931,2368,781,6350,8242,824,11809,19119,31174
2024-02-19,ID004,COMPANY D,,CHINA,63847,35026,2422,5082,4098,6648,3393,339,19266,1789,14564
2024-02-18,ID003,COMPANY C,,ANGOLA,73742,74862,9052,5844,3625,9712,6089,609,2259,5816,20715
2024-02-17,ID001,COMPANY A,RHÔNE-ALPES,FRANCE,77277,48988,4077,7221,9019,4479,6230,623,7360,6880,49050
2024-02-17,ID001,COMPANY A,,COLOMBIA,19965,17311,6400,9666,4761,9067,6372,637,15616,14746,11277
2024-02-17,ID002,COMPANY B,,TUNISIA,56189,36631,5984,9626,3350,1683,6520,652,4521,2724,48538
2024-02-15,ID002,COMPANY B,,INDONESIA,33368,10563,1379,1190,4300,6150,6261,626,465,16525,45729
2024-02-14,ID004,COMPANY D,,INDONESIA,87354,47890,7400,142,1002,8211,3421,342,14466,16973,41103
2024-02-14,ID004,COMPANY D,,BELARUS,54526,93429,6384,2529,7891,8785,1921,192,16044,16782,41979
2024-02-12,ID003,COMPANY C,,POLAND,94008,76516,5363,9429,7266,8409,20,2,19029,6394,7714
2024-02-12,ID004,COMPANY D,,KAZAKHSTAN,62686,15903,3040,1607,8407,7678,8167,817,17618,14996,31395
2024-02-10,ID002,COMPANY B,,JAPAN,89190,80580,2159,7963,9871,2611,1784,178,3847,3651,1087
2024-02-10,ID002,COMPANY B,,ARGENTINA,32367,50291,6297,5783,5102,5907,7437,744,10511,9429,45445
2024-02-08,ID003,COMPANY C,,GREECE,85835,40591,2335,1741,4855,5337,9665,967,9732,6885,29883
2024-02-07,ID004,COMPANY D,,CHINA,85380,40765,2357,1164,6884,8592,69,7,12516,13841,28884
2024-02-06,ID004,COMPANY D,HESSEN,GERMANY,65162,83672,2141,5665,7140,5081,2283,228,10093,4655,31193
2024-02-05,ID004,COMPANY D,ALSACE,FRANCE,69657,38372,1391,7522,314,5061,9882,988,19185,5254,22530
2024-02-04,ID001,COMPANY A,ARIZONA,UNITED STATES,20611,86234,7611,3325,8781,2625,6483,648,11439,1565,34156
2024-02-04,ID003,COMPANY C,,RUSSIA,37516,33299,3727,3901,7755,4159,8167,817,19093,2876,18917
2024-02-03,ID001,COMPANY A,,UKRAINE,48725,51101,6170,1584,4145,4946,5039,504,15213,12985,5146
2024-02-01,ID001,COMPANY A,,ZIMBABWE,30791,71024,7055,2953,8650,6633,2626,263,1756,9441,26498
2024-02-01,ID001,COMPANY A,,BRAZIL,93407,81147,6856,3374,650,545,7226,723,11046,19590,2278
2024-02-01,ID002,COMPANY B,,INDONESIA,51499,87410,5340,8883,4305,8465,420,42,4729,10023,38556
2024-01-31,ID001,COMPANY A,ÎLE-DE-FRANCE,FRANCE,65993,70307,9277,2901,468,6672,577,58,5976,12290,14712
2024-01-30,ID001,COMPANY A,,CHINA,44696,96240,8764,9192,3657,179,2331,233,18039,18763,35279
2024-01-28,ID001,COMPANY A,,SAUDI ARABIA,32814,50925,2925,177,2864,2666,2937,294,11273,2030,27757
2024-01-28,ID001,COMPANY A,,ZAMBIA,74048,82995,8248,1646,5580,8462,4530,453,12362,10617,8205
2024-01-28,ID001,COMPANY A,,GREECE,42747,48743,1969,1318,1951,6495,7013,701,6084,15168,45357
2024-01-27,ID001,COMPANY A,,CZECH REPUBLIC,70989,55567,2325,5150,3055,9206,8584,858,18301,17301,7016
2024-01-27,ID004,COMPANY D,,UKRAINE,90819,12567,4721,8793,4480,5970,5036,504,14805,8212,308
2024-01-25,ID001,COMPANY A,,CHINA,12182,88463,3763,8398,2568,5140,1346,135,451,18706,39045
2024-01-25,ID003,COMPANY C,TEXAS,UNITED STATES,39489,69005,6266,2895,6361,5314,5905,591,8409,15363,35606
2024-01-25,ID003,COMPANY C,,INDONESIA,11141,95613,4890,5216,8443,3029,9316,932,6191,1688,21176
2024-01-24,ID001,COMPANY A,,INDONESIA,10277,56839,1088,5745,2064,3927,6953,695,1442,2916,31390
2024-01-23,ID002,COMPANY B,,RUSSIA,44414,36745,8291,4994,3312,6402,5167,517,18389,17563,24859
2024-01-23,ID004,COMPANY D,,PERU,37917,55351,4057,5166,8321,1206,4901,490,13489,12216,24700
2024-01-23,ID004,COMPANY D,,PHILIPPINES,16145,31388,2496,7449,1449,6290,797,80,11677,9943,32460
2024-01-22,ID001,COMPANY A,,INDONESIA,47975,84152,9776,6994,4637,711,9137,914,7729,6792,8327
2024-01-22,ID002,COMPANY B,,CHINA,55602,82041,1977,4883,9873,3195,8006,801,16497,9892,16926
2024-01-21,ID001,COMPANY A,,CZECH REPUBLIC,24829,64638,3953,6015,9103,8100,415,42,12552,7641,22659
2024-01-21,ID002,COMPANY B,,INDONESIA,28229,70627,3621,2212,8211,4993,8863,886,2012,1063,14015
2024-01-19,ID001,COMPANY A,,INDONESIA,55994,57176,6661,9003,4772,1275,967,97,14963,10430,18625
2024-01-19,ID002,COMPANY B,BLEKINGE,SWEDEN,86913,31627,2665,8455,8504,8707,9371,937,8442,14191,27536
2024-01-19,ID002,COMPANY B,,AZERBAIJAN,20369,40654,5266,189,8111,4,5637,564,18950,3266,8093
2024-01-19,ID003,COMPANY C,ÎLE-DE-FRANCE,FRANCE,75139,35135,5232,1573,5300,7342,288,29,12675,7212,9682
2024-01-18,ID001,COMPANY A,ALASKA,UNITED STATES,91991,56020,8291,1517,8425,6547,4984,498,17763,5104,48189
2024-01-18,ID003,COMPANY C,,INDONESIA,22006,20755,1540,9404,8971,5689,5367,537,6706,5173,26372
2024-01-18,ID003,COMPANY C,,CHINA,55161,73087,2963,5684,8105,3850,8052,805,19031,9141,22611
2024-01-18,ID004,COMPANY D,,INDONESIA,61253,47775,3324,2332,8501,2134,5389,539,4662,17813,4762
2024-01-17,ID001,COMPANY A,,JAPAN,31575,77858,7269,5694,6775,4987,303,30,3652,4435,6696
2024-01-16,ID001,COMPANY A,,NIGERIA,67669,72595,6821,5597,2292,9866,4089,409,1228,13790,26557
2024-01-16,ID002,COMPANY B,,CHINA,60408,78993,1038,6759,6854,5094,9032,903,19526,8342,49704
2024-01-15,ID004,COMPANY D,,RUSSIA,76329,12422,1709,1919,2027,3348,3055,306,19163,2761,19266
2024-01-14,ID001,COMPANY A,,JAPAN,86838,35482,8009,789,7461,155,3114,311,19947,12625,1810
2024-01-14,ID002,COMPANY B,,SOUTH AFRICA,44461,64901,2908,250,159,890,3005,301,18940,13734,14845
2024-01-14,ID004,COMPANY D,,INDONESIA,83349,47445,4614,8041,8302,2231,7947,795,14030,3547,7276
2024-01-13,ID001,COMPANY A,,SOUTH AFRICA,56306,25029,6006,7678,821,7968,7739,774,16840,560,4418
2024-01-13,ID002,COMPANY B,,CHINA,97622,46040,2429,9587,4488,5443,3295,330,9958,4858,615
2024-01-13,ID004,COMPANY D,CENTRE,FRANCE,89645,17721,6258,8121,7848,9626,9657,966,18170,368,46405
2024-01-12,ID002,COMPANY B,,CHINA,22282,24255,5785,6336,3443,183,760,76,10268,7788,26788
2024-01-12,ID002,COMPANY B,VISEU,PORTUGAL,61337,15019,9154,6429,1672,7948,3122,312,18644,5705,15817
2024-01-12,ID003,COMPANY C,,CHINA,32347,37505,4697,3780,2394,6487,4925,493,14961,17569,48510
2024-01-12,ID003,COMPANY C,,PANAMA,68298,69479,3071,7256,4820,4769,5754,575,14400,8318,23766
2024-01-11,ID004,COMPANY D,RHÔNE-ALPES,FRANCE,47216,59439,1831,8037,9375,8802,5006,501,18626,19673,34828
2024-01-10,ID004,COMPANY D,,CROATIA,15759,90514,1980,5752,2611,9147,9882,988,17877,3988,42007
2024-01-09,ID004,COMPANY D,,JAPAN,15223,10928,5611,6285,9632,4909,4478,448,13108,17354,32473
2024-01-08,ID001,COMPANY A,,INDONESIA,35840,56662,6605,3455,659,1789,3164,316,15724,7043,9613
2024-01-08,ID001,COMPANY A,,VIETNAM,91814,43706,5413,8010,8330,6813,2684,268,9320,19170,39016
2024-01-08,ID001,COMPANY A,SANTARÉM,PORTUGAL,32573,46971,7821,1313,7530,7642,2988,299,12203,15047,24702
2024-01-07,ID004,COMPANY D,,INDONESIA,12978,52422,2804,7372,7075,1129,8761,876,9482,19520,43258
2024-01-06,ID001,COMPANY A,,INDONESIA,49275,39877,7045,5351,7860,4116,3106,311,7184,137,15190
2024-01-06,ID001,COMPANY A,,BRAZIL,34461,57930,8380,8123,1985,2470,4333,433,5339,6986,37566
2024-01-06,ID002,COMPANY B,,PERU,76894,18500,8954,5951,8562,2156,3929,393,1524,4578,37141
2024-01-04,ID002,COMPANY B,SETÚBAL,PORTUGAL,42469,54338,2554,3993,6950,8111,7159,716,5936,18436,23007
2024-01-04,ID002,COMPANY B,,CHINA,89913,47767,6441,6163,8456,1323,361,36,6693,11927,8755
2024-01-04,ID003,COMPANY C,,POLAND,67043,28231,9187,7675,9389,1279,1372,137,9100,5749,44424
2024-01-04,ID004,COMPANY D,,PHILIPPINES,75543,72640,8294,3692,3607,2286,2591,259,17617,8027,15493
2024-01-03,ID003,COMPANY C,,CHINA,73012,34227,7063,4716,9910,6866,5242,524,17717,16943,23972
2024-01-03,ID004,COMPANY D,,MONGOLIA,98326,89116,8206,3213,7377,772,4791,479,5539,2238,21459
2024-01-02,ID004,COMPANY D,,POLAND,99138,76997,4323,7534,2608,1547,6379,638,4763,2149,8219
2023-12-31,ID001,COMPANY A,,CHINA,93940,94870,4613,1857,5144,1965,3316,332,17404,16289,22311
2023-12-31,ID002,COMPANY B,,INDONESIA,36982,54655,2918,3584,5433,9548,3045,305,18266,12073,48008
2023-12-31,ID003,COMPANY C,,INDONESIA,41549,49460,4167,7584,5573,6230,9243,924,11732,3050,11317
2023-12-28,ID003,COMPANY C,,SOUTH AFRICA,25538,54040,6984,455,2809,3703,2646,265,9503,12897,47053
2023-12-27,ID004,COMPANY D,,GREECE,28800,41459,8870,4111,1068,7786,2526,253,1623,12526,32700
2023-12-26,ID003,COMPANY C,VÄSTRA GÖTALAND,SWEDEN,96216,40773,9526,3317,7628,7776,2628,263,1234,15154,41107
2023-12-25,ID004,COMPANY D,,CHINA,52045,54370,6110,3903,6264,651,1898,190,10522,16128,30053
2023-12-23,ID002,COMPANY B,,PHILIPPINES,82182,26487,5233,972,7364,9328,1973,197,6053,12195,45703
2023-12-22,ID002,COMPANY B,,POLAND,14161,65180,7240,5409,1575,100,7630,763,15813,19924,43304
2023-12-22,ID004,COMPANY D,CENTRE,FRANCE,74394,31999,4473,9135,3554,7800,7669,767,19286,9866,5931
2023-12-22,ID004,COMPANY D,,CROATIA,41329,95726,7804,566,2480,3280,6311,631,4021,16001,38769
2023-12-22,ID004,COMPANY D,,ARGENTINA,75232,38971,2850,3372,682,9207,3957,396,19336,14877,20655
2023-12-22,ID004,COMPANY D,,CHINA,47587,35192,9560,7821,5171,8977,4511,451,18873,1001,18230
2023-12-21,ID001,COMPANY A,,PHILIPPINES,94131,72181,3255,4244,8657,2355,5854,585,18236,2312,35690
2023-12-21,ID002,COMPANY B,,INDONESIA,84209,45409,5714,280,5889,6086,556,56,16619,2385,38020
2023-12-21,ID004,COMPANY D,,RUSSIA,99409,55910,6175,3970,9381,2164,8824,882,19881,17065,42151
2023-12-20,ID004,COMPANY D,,MALAWI,56558,53576,2949,3674,8330,5072,8298,830,6705,18794,10291
2023-12-19,ID004,COMPANY D,,EGYPT,85582,38405,4810,7146,5524,8654,6104,610,4543,1215,30865
2023-12-16,ID002,COMPANY B,,SOUTH AFRICA,89667,58720,8037,563,9786,2132,5637,564,1788,4989,2410
2023-12-16,ID003,COMPANY C,,VENEZUELA,58104,77304,4174,6434,1785,6884,1043,104,14911,930,46236
2023-12-15,ID001,COMPANY A,,INDONESIA,21133,84868,8515,2043,3919,4410,9551,955,9567,15304,35899
2023-12-15,ID004,COMPANY D,VISEU,PORTUGAL,29676,30080,2386,246,2648,164,5913,591,7981,9823,43292
2023-12-14,ID002,COMPANY B,,INDONESIA,55498,69097,5907,8132,515,982,1085,109,3020,14074,24035
2023-12-14,ID002,COMPANY B,,CHINA,19307,55340,6352,8431,1427,9756,180,18,11505,4967,16947
2023-12-14,ID003,COMPANY C,,INDONESIA,83498,56307,1368,8171,5244,7876,1212,121,15486,6354,33601
2023-12-12,ID001,COMPANY A,NORRBOTTEN,SWEDEN,23874,93778,8501,5466,586,5678,9253,925,17023,10726,21599
2023-12-11,ID002,COMPANY B,ÎLE-DE-FRANCE,FRANCE,44670,91164,5804,6959,3463,7592,734,73,14876,11016,18153
2023-12-11,ID004,COMPANY D,,CHINA,55594,65013,1973,5346,3478,2653,3315,332,10901,3247,20050
2023-12-10,ID001,COMPANY A,,INDONESIA,30076,65390,2002,516,8423,7430,2026,203,11859,14675,24348
2023-12-10,ID004,COMPANY D,,INDONESIA,56633,95423,3555,2738,7180,8692,1387,139,12302,18662,13182
2023-12-08,ID001,COMPANY A,,CZECH REPUBLIC,35929,54285,2843,5071,5146,8548,2816,282,14418,5091,25625
2023-12-08,ID003,COMPANY C,,INDONESIA,55098,11918,9074,157,7458,3526,5798,580,7326,18641,24508
2023-12-07,ID002,COMPANY B,,INDONESIA,58417,34372,8043,2604,2632,5777,8984,898,12271,19976,31923
2023-12-07,ID004,COMPANY D,,COSTA RICA,84789,11337,8294,4656,268,6151,6146,615,12526,6138,49240
2023-12-06,ID002,COMPANY B,,JAPAN,80086,46525,5782,5727,2347,8113,6469,647,18135,18573,12621
2023-12-04,ID004,COMPANY D,,PHILIPPINES,54543,82146,9982,1329,2336,8486,4663,466,4853,8702,27257
2023-12-03,ID003,COMPANY C,CHIAPAS,MEXICO,85238,75498,2596,3815,327,5779,2173,217,16166,7669,36823
2023-12-03,ID003,COMPANY C,,CHINA,10983,59847,4695,1338,4382,6147,952,95,8160,4063,5164
2023-12-01,ID003,COMPANY C,,CHINA,30680,37879,9768,7097,82,6552,4788,479,6811,2641,8601
2023-11-30,ID002,COMPANY B,,INDONESIA,46318,74250,5557,7081,8201,4341,4348,435,15077,3347,31948
2023-11-30,ID004,COMPANY D,,POLAND,51648,44052,5501,4429,8203,3657,6349,635,19273,3255,47647
2023-11-29,ID003,COMPANY C,,PHILIPPINES,48812,51555,2404,8049,5111,9895,1657,166,18973,3564,15433
2023-11-28,ID001,COMPANY A,,CHINA,12206,82632,7203,6544,3163,8625,3027,303,19825,19552,23450
2023-11-27,ID001,COMPANY A,,GUATEMALA,77979,12663,5846,6000,57,4509,5189,519,14954,16802,46344
2023-11-27,ID002,COMPANY B,,INDONESIA,57376,61557,1583,2535,9167,28,547,55,10668,11574,9600
2023-11-26,ID003,COMPANY C,VISEU,PORTUGAL,47849,91241,3989,7812,8177,5604,7426,743,10816,1280,1837
2023-11-24,ID001,COMPANY A,ÎLE-DE-FRANCE,FRANCE,43106,89949,4577,3004,6676,9824,6847,685,1595,3645,24752
2023-11-24,ID001,COMPANY A,,BRAZIL,47188,56345,8495,7618,6759,9215,3960,396,9537,8093,36571
2023-11-23,ID001,COMPANY A,,CHINA,82835,99505,4106,6084,312,5574,8245,825,12652,11298,10772
2023-11-23,ID003,COMPANY C,,CHINA,42508,50265,5925,4866,2892,4030,4490,449,19613,7171,15061
2023-11-21,ID002,COMPANY B,,MACEDONIA,76093,86032,6379,776,889,8963,5704,570,14421,12662,24278
2023-11-21,ID002,COMPANY B,,RUSSIA,49619,79963,9258,7480,1510,4643,6959,696,18975,13330,14876
2023-11-21,ID003,COMPANY C,,BELARUS,67107,29892,6792,8827,613,3418,7401,740,16576,10232,18840
2023-11-19,ID001,COMPANY A,,PHILIPPINES,74269,92754,8385,3509,6297,226,5658,566,5281,11741,38196
2023-11-19,ID002,COMPANY B,STOCKHOLM,SWEDEN,45138,30347,5566,8877,9066,8882,7448,745,16190,1752,38826
2023-11-19,ID003,COMPANY C,,CHINA,46493,73297,8851,7706,2709,2133,6342,634,8814,18100,20210
2023-11-18,ID002,COMPANY B,,CHINA,79859,79194,3297,6911,1465,116,1228,123,348,14731,45725
2023-11-18,ID002,COMPANY B,,PHILIPPINES,28793,27356,2862,9400,894,553,109,11,19168,14882,34276
2023-11-18,ID003,COMPANY C,ALSACE,FRANCE,91270,18042,4392,9309,1437,3193,2529,253,7355,4569,8974
2023-11-15,ID004,COMPANY D,,CHINA,29072,21436,4973,4115,3289,8214,3932,393,15129,19958,22864
2023-11-14,ID003,COMPANY C,,BRAZIL,19372,62427,2324,6810,1117,5583,1718,172,3339,11439,28068
2023-11-13,ID001,COMPANY A,,PHILIPPINES,30221,53960,5962,6538,3278,1355,9052,905,13068,18633,29244
2023-11-11,ID004,COMPANY D,,MACEDONIA,97660,58238,2659,3868,7552,4211,2813,281,12602,19451,46059
2023-11-10,ID001,COMPANY A,,BURUNDI,37223,92131,2174,5875,521,681,836,84,8587,9987,34920
2023-11-10,ID003,COMPANY C,,POLAND,35239,33829,8743,1130,3425,1986,6201,620,11040,999,39379
2023-11-09,ID001,COMPANY A,,ARGENTINA,58994,36456,1720,2291,5606,3866,3826,383,3189,18218,43384
2023-11-08,ID001,COMPANY A,CALIFORNIA,UNITED STATES,49384,37165,6551,7656,8370,6120,1435,144,13016,15393,28007
2023-11-07,ID002,COMPANY B,,TAJIKISTAN,11586,16359,2441,1809,7380,9109,2896,290,16779,3975,39607
2023-11-06,ID002,COMPANY B,,CHINA,89641,40531,4281,1260,2485,4325,6660,666,3364,11782,13496
2023-11-05,ID003,COMPANY C,,INDONESIA,14238,98073,1754,1707,2855,2463,7640,764,12601,19041,47759
2023-11-03,ID001,COMPANY A,,JAPAN,67280,42895,6764,633,1488,7656,5294,529,1939,12237,29852
2023-11-03,ID002,COMPANY B,,BRAZIL,47168,29180,5900,7214,3989,1097,5897,590,11790,883,6303
2023-11-03,ID003,COMPANY C,,COLOMBIA,67180,87853,7163,6440,4041,4178,513,51,16608,1173,42262
2023-11-03,ID003,COMPANY C,,CHINA,16982,55391,8019,3286,7664,5289,3199,320,8074,7357,26255
2023-11-02,ID003,COMPANY C,,CHINA,77679,96658,1624,9597,6290,8481,9747,975,16712,10744,38151
2023-11-02,ID004,COMPANY D,,CHINA,39190,76048,7290,2958,6554,3860,2029,203,18043,18341,20911
2023-11-01,ID001,COMPANY A,ÖSTERGÖTLAND,SWEDEN,86926,40797,1548,611,9735,1258,6829,683,4392,15823,47317
2023-10-31,ID002,COMPANY B,,INDONESIA,84650,82889,2366,3929,7518,3573,1133,113,10876,7378,1615
2023-10-31,ID004,COMPANY D,,CHINA,18039,17864,8151,2460,1814,3146,1675,168,5594,10773,48934
2023-10-28,ID003,COMPANY C,,JAPAN,39040,96064,4934,4815,4417,5297,3815,382,14999,11474,27498
2023-10-28,ID004,COMPANY D,,PHILIPPINES,14539,87886,4209,2968,446,2998,8391,839,11763,19271,37323
2023-10-28,ID004,COMPANY D,KENTUCKY,UNITED STATES,31129,80997,5467,215,4083,7407,8228,823,13896,5890,20585
2023-10-27,ID002,COMPANY B,,YEMEN,74423,94230,1963,4992,9848,5127,8462,846,7611,14448,11627
2023-10-27,ID004,COMPANY D,,POLAND,37053,94839,6411,4000,5207,2192,6377,638,16560,6170,32684
2023-10-25,ID004,COMPANY D,,INDONESIA,59810,35201,7394,5885,6529,8830,6642,664,14959,16799,21294
2023-10-25,ID004,COMPANY D,,CHINA,39435,97249,9349,588,4616,4362,9506,951,19204,7277,34950
2023-10-24,ID001,COMPANY A,,CHINA,75079,82130,9790,7431,264,4044,1902,190,11749,4897,46020
2023-10-24,ID002,COMPANY B,BASSE-NORMANDIE,FRANCE,58482,14767,8406,5263,5678,238,859,86,5066,8858,37986
2023-10-23,ID001,COMPANY A,,INDONESIA,10066,11137,9293,2461,276,3938,8487,849,2369,12810,21983
2023-10-23,ID002,COMPANY B,,PHILIPPINES,42919,87932,7222,4384,3919,7672,5022,502,3116,5122,38998
2023-10-23,ID004,COMPANY D,,CAMEROON,41729,98074,5107,6089,8114,4510,1476,148,5777,4682,10539
2023-10-19,ID003,COMPANY C,,PHILIPPINES,35800,27535,3149,9809,5103,1253,6670,667,5278,4287,29948
2023-10-19,ID004,COMPANY D,STOCKHOLM,SWEDEN,23072,28807,2636,2306,8073,4004,3189,319,11788,10744,32531
2023-10-18,ID001,COMPANY A,,CHINA,66136,23142,9535,2361,5330,420,1922,192,17046,9632,11166
2023-10-18,ID003,COMPANY C,,IRELAND,24200,20510,4015,856,9501,7943,3838,384,12815,18233,6494
2023-10-17,ID004,COMPANY D,,POLAND,60275,98468,6519,20,7868,6961,8977,898,17556,8101,32242
2023-10-16,ID004,COMPANY D,,CROATIA,70022,79068,7912,9254,7652,1095,1246,125,19345,14883,11657
2023-10-15,ID002,COMPANY B,,CHINA,39487,73662,5094,8147,7866,7296,5920,592,18393,11934,36597
2023-10-14,ID001,COMPANY A,,CHINA,10894,48840,8570,6356,5545,5483,6014,601,1777,11200,15213
2023-10-14,ID002,COMPANY B,,CHINA,96917,81764,8733,7869,4332,2448,9347,935,3770,7814,31817
2023-10-11,ID001,COMPANY A,,UKRAINE,23519,48501,5925,681,2099,7322,4557,456,5401,18690,5719
2023-10-11,ID001,COMPANY A,,KUWAIT,60473,39210,2567,9143,3843,9449,521,52,13571,19581,30002
2023-10-11,ID004,COMPANY D,,INDONESIA,64281,65519,5291,557,6172,2708,2202,220,12180,18796,3590
2023-10-11,ID004,COMPANY D,,INDONESIA,29809,25412,4647,4550,3853,3094,2002,200,16810,18008,22815
2023-10-10,ID003,COMPANY C,NORTH CAROLINA,UNITED STATES,95054,93445,7622,5529,9589,6789,2523,252,12102,12448,31247
2023-10-09,ID002,COMPANY B,GUANAJUATO,MEXICO,42483,80594,2235,9480,6975,4002,6860,686,384,11729,5419
2023-10-09,ID004,COMPANY D,,RUSSIA,77115,75119,8970,4046,5915,5345,7205,721,19668,6008,14086
2023-10-08,ID001,COMPANY A,,CYPRUS,85581,43223,3524,937,1384,5123,455,46,3181,9518,40673
2023-10-08,ID002,COMPANY B,,INDONESIA,31386,94977,2705,6262,5057,5928,8777,878,5485,4777,49855
2023-10-04,ID001,COMPANY A,,RUSSIA,40281,52020,8690,7229,817,7569,2577,258,5705,3068,31046
2023-10-04,ID004,COMPANY D,,CENTRAL AFRICAN REPUBLIC,42775,92586,4662,3254,4588,9431,527,53,13304,16594,23542
2023-10-03,ID003,COMPANY C,,UKRAINE,68027,18588,3289,4549,9773,4881,6265,627,12987,4245,18165
2023-10-02,ID002,COMPANY B,,BENIN,60197,85192,6143,8009,4852,1825,4924,492,994,7369,41719
2023-10-02,ID004,COMPANY D,,PHILIPPINES,40375,13655,8721,2426,1691,8372,385,39,12249,8053,24276
2023-10-01,ID001,COMPANY A,FLORIDA,UNITED STATES,95342,50135,5519,1972,6668,9515,2352,235,14915,19310,17790
2023-09-29,ID002,COMPANY B,BUDAPEST,HUNGARY,77961,90479,2883,9664,2331,117,6534,653,7217,15730,2089
2023-09-26,ID003,COMPANY C,,FINLAND,71363,23024,9677,2465,320,4138,7556,756,19326,8943,23089
2023-09-24,ID001,COMPANY A,,CHINA,21302,50097,7117,3541,4636,9086,4021,402,2370,1988,48515
2023-09-21,ID002,COMPANY B,,JAPAN,77089,72719,1628,1544,9792,6302,2563,256,13190,7339,8053
2023-09-21,ID003,COMPANY C,BUSKERUD,NORWAY,93396,20829,9728,2617,176,5367,7748,775,1775,10730,9607
2023-09-20,ID002,COMPANY B,,CHINA,54620,32079,2677,58,9082,3265,5550,555,7579,17401,5097
2023-09-20,ID003,COMPANY C,,NIGERIA,22230,37534,9331,7559,180,273,5012,501,902,13155,32540
2023-09-18,ID002,COMPANY B,,UKRAINE,54897,56794,2545,4774,3212,3869,6771,677,4901,18553,11628
2023-09-15,ID001,COMPANY A,,CHINA,31388,13370,5138,1425,9165,773,1679,168,4124,4253,5143
2023-09-15,ID003,COMPANY C,,THAILAND,18372,13732,3031,5687,7341,4002,3615,362,6382,17962,31184
2023-09-15,ID003,COMPANY C,,PHILIPPINES,15344,87509,2788,6172,1324,69,7502,750,8524,16700,18771
2023-09-15,ID004,COMPANY D,,NEW ZEALAND,28264,57944,8299,957,812,957,7631,763,11416,10449,17326
2023-09-14,ID004,COMPANY D,,INDONESIA,10446,27221,1145,4825,3883,811,3178,318,248,17632,1890
2023-09-14,ID004,COMPANY D,LANGUEDOC-ROUSSILLON,FRANCE,83418,56467,9456,4268,9258,3480,7156,716,14037,10925,39547
2023-09-13,ID002,COMPANY B,,BRAZIL,67700,47106,8853,6247,2440,3395,3112,311,15017,14997,39424
2023-09-12,ID004,COMPANY D,GÄVLEBORG,SWEDEN,78665,41841,3055,6378,5355,1880,9759,976,12968,12754,24729
2023-09-10,ID001,COMPANY A,,BRAZIL,15781,28323,5824,936,9985,4677,8667,867,19855,9269,18519
2023-09-10,ID001,COMPANY A,,PHILIPPINES,12716,49517,4006,83,1422,3509,242,24,12901,19703,34551
2023-09-10,ID002,COMPANY B,,BRAZIL,54115,68323,3831,5734,7756,8179,3409,341,4273,10724,45811
2023-09-09,ID001,COMPANY A,,CUBA,71252,45677,4787,137,6229,3142,2387,239,12099,13626,40075
2023-09-09,ID003,COMPANY C,,CAMEROON,16304,41095,4002,5259,6992,5941,1937,194,12591,18516,39913
2023-09-08,ID004,COMPANY D,,UKRAINE,65766,97386,1707,5726,4418,243,91,9,13246,7825,48368
2023-09-07,ID001,COMPANY A,,SAUDI ARABIA,35605,70222,5466,3973,1268,6911,848,85,6330,7312,43854
2023-09-07,ID002,COMPANY B,,RUSSIA,49799,16052,7527,6042,7962,8772,1698,170,12115,15477,42873
2023-09-07,ID003,COMPANY C,,LUXEMBOURG,50708,32400,6566,5255,6268,6312,9511,951,1127,18167,28015
2023-09-07,ID003,COMPANY C,,PHILIPPINES,63698,95692,6175,482,3294,2309,1101,110,10729,1260,33760
2023-09-06,ID001,COMPANY A,,CHINA,99799,71042,1945,1695,1000,5477,5050,505,701,7450,31074
2023-09-06,ID002,COMPANY B,,INDONESIA,77865,96884,9526,5325,6953,5977,9183,918,6677,5951,47841
2023-09-06,ID003,COMPANY C,PORTO,PORTUGAL,39490,15664,9420,3921,9065,4760,5097,510,3723,3961,27912
2023-09-05,ID001,COMPANY A,,PAKISTAN,45992,76332,2768,5929,1729,7315,435,44,16762,13110,17185
2023-09-04,ID002,COMPANY B,BRETAGNE,FRANCE,51053,86336,7268,874,9470,1084,1245,125,10018,9905,38053
2023-09-04,ID003,COMPANY C,,FINLAND,58684,54599,6036,9584,7842,3238,3164,316,10186,8582,19564
2023-09-02,ID001,COMPANY A,,INDONESIA,91615,14113,6262,9943,3062,1117,2191,219,9304,15857,49992
2023-09-01,ID002,COMPANY B,NEW YORK,UNITED STATES,86258,70383,5870,9294,2333,7006,4150,415,2085,5568,39647
2023-08-31,ID001,COMPANY A,VÄSTRA GÖTALAND,SWEDEN,32857,82506,9731,8025,917,3936,4548,455,18877,18543,614
2023-08-31,ID002,COMPANY B,,JAPAN,20994,43965,7602,6179,5513,8966,2753,275,7660,3722,6749
2023-08-31,ID004,COMPANY D,,THAILAND,49740,22592,9680,7444,1627,2115,4577,458,6715,15024,11309
2023-08-31,ID004,COMPANY D,,RUSSIA,57963,17528,4704,3140,101,8954,8248,825,17533,1667,23679
2023-08-28,ID001,COMPANY A,,CHINA,66713,19020,3001,2709,404,6964,4460,446,17714,7173,33548
2023-08-28,ID002,COMPANY B,,INDONESIA,89462,53688,8581,3292,6408,838,5514,551,17583,16178,6117
2023-08-28,ID004,COMPANY D,,IRAN,11783,33425,8804,9180,1924,196,4677,468,11997,19441,965
2023-08-28,ID004,COMPANY D,,CHINA,93465,91581,7526,3523,5535,8935,3292,329,13816,2764,10364
2023-08-27,ID002,COMPANY B,,COLOMBIA,56222,27565,2351,5568,971,8528,3067,307,14979,7820,33896
2023-08-26,ID001,COMPANY A,,CAMEROON,65172,61849,1660,1451,3197,109,6514,651,8325,15798,2600
2023-08-26,ID002,COMPANY B,,CZECH REPUBLIC,39313,65972,4788,381,5625,2297,4584,458,3853,246,11787
2023-08-24,ID001,COMPANY A,SANTARÉM,PORTUGAL,74623,94442,9856,5336,9165,1770,5179,518,17707,11769,29224
2023-08-24,ID002,COMPANY B,,PHILIPPINES,46719,97737,2751,5615,9080,6921,4398,440,5105,6138,37456
2023-08-23,ID003,COMPANY C,,CHINA,93753,53644,8096,4475,4478,2719,6606,661,19764,14465,11571
2023-08-23,ID003,COMPANY C,LORRAINE,FRANCE,37847,18122,4273,7175,4115,9392,4694,469,13816,8494,15090
2023-08-23,ID004,COMPANY D,LISBOA,PORTUGAL,49938,15235,2402,5602,3479,3680,5726,573,11547,1489,48641
2023-08-22,ID002,COMPANY B,,POLAND,54522,99655,4422,8313,6540,9535,1208,121,3993,13097,15614
2023-08-22,ID003,COMPANY C,,GREECE,82775,94813,4247,971,429,4264,757,76,10896,9521,33634
2023-08-22,ID003,COMPANY C,,INDONESIA,19544,22520,1344,8237,5457,1101,1350,135,19991,6889,32139
2023-08-21,ID003,COMPANY C,,UZBEKISTAN,13530,15078,5096,5189,5642,5174,7911,791,3845,5552,21846
2023-08-19,ID001,COMPANY A,,SRI LANKA,28776,64898,1181,5021,2258,8546,3833,383,3221,15197,14436
2023-08-19,ID002,COMPANY B,VÄSTRA GÖTALAND,SWEDEN,56766,33368,5639,9707,9302,4909,6399,640,5394,15667,8780
2023-08-19,ID004,COMPANY D,,BRAZIL,78513,46241,2502,6628,5985,7024,8429,843,10363,2050,26236
2023-08-19,ID004,COMPANY D,,MONGOLIA,14075,72160,9962,7656,7516,6172,1145,115,547,1438,32367
2023-08-18,ID003,COMPANY C,,NIGERIA,21307,25239,7369,434,2515,2118,8457,846,7302,6235,20906
2023-08-17,ID004,COMPANY D,,CHINA,49194,61992,2006,3070,7670,866,7520,752,7332,12123,22692
2023-08-16,ID001,COMPANY A,,IRAN,23046,72170,6743,2635,2905,9426,3581,358,13397,4866,11393
2023-08-15,ID003,COMPANY C,,SIERRA LEONE,47303,83614,7533,3206,1941,5581,8981,898,13924,1150,49056
2023-08-13,ID001,COMPANY A,,CHINA,88086,65193,6309,8121,406,1905,6031,603,11870,17191,13372
2023-08-13,ID004,COMPANY D,,BELARUS,94667,21143,7893,9181,985,2547,1156,116,170,9946,3622
2023-08-12,ID004,COMPANY D,,ZAMBIA,34790,94541,8353,984,34,305,1966,197,456,1872,40044
2023-08-11,ID004,COMPANY D,,AZERBAIJAN,56482,70103,3097,2825,4781,1040,3858,386,6803,17101,46001
2023-08-10,ID001,COMPANY A,,PHILIPPINES,11033,97558,7848,5524,2334,2493,8350,835,9253,14655,5504
2023-08-10,ID004,COMPANY D,,INDONESIA,70143,13686,4996,9244,8208,1330,1551,155,10318,13984,37195
2023-08-09,ID001,COMPANY A,,RUSSIA,96139,93263,2547,5282,6913,8947,2105,211,14848,11145,42490
2023-08-08,ID001,COMPANY A,PROVINCIE NOORD-HOLLAND,NETHERLANDS,17992,60522,8105,2912,7382,3545,1414,141,17633,18290,12048
2023-08-07,ID002,COMPANY B,,BULGARIA,33513,42804,1549,5425,2442,3038,187,19,10564,15446,23786
2023-08-05,ID001,COMPANY A,ÖREBRO,SWEDEN,78672,73463,5612,3122,1817,8771,101,10,14030,1896,35342
2023-08-05,ID004,COMPANY D,BRAGANÇA,PORTUGAL,42574,93930,2011,8791,636,2481,9850,985,10293,4309,37296
2023-08-04,ID001,COMPANY A,,CHINA,45850,69811,9909,5985,149,6877,9899,990,11109,18515,2361
2023-08-02,ID001,COMPANY A,,CHINA,61354,47520,5263,10,9329,5928,9297,930,11096,13817,7531
2023-08-02,ID004,COMPANY D,,CHINA,69340,17990,6605,808,5230,2157,2042,204,9720,10683,21209
2023-08-01,ID003,COMPANY C,,RUSSIA,57213,49577,7251,7174,1434,1926,7434,743,2867,3869,20551
2023-08-01,ID004,COMPANY D,,NEW ZEALAND,30690,79242,8897,3016,4849,4312,2919,292,593,9109,8796
2023-07-31,ID001,COMPANY A,,CHINA,64140,13186,9602,9441,2782,6014,7365,737,11408,18411,18830
2023-07-31,ID001,COMPANY A,SACHSEN,GERMANY,49153,54821,8729,2163,8826,1090,3410,341,15765,8752,44543
2023-07-30,ID002,COMPANY B,,POLAND,25061,92210,7105,3401,6035,4098,8248,825,9444,14352,553
2023-07-29,ID004,COMPANY D,,VIETNAM,70845,58160,6578,9298,104,7647,4588,459,8369,7472,2538
2023-07-28,ID001,COMPANY A,,CHINA,69031,88537,1448,6771,1041,8694,344,34,2293,13085,33296
2023-07-27,ID001,COMPANY A,,CHINA,12371,90306,5818,1179,3363,7752,7649,765,2170,737,7872
2023-07-26,ID001,COMPANY A,,FINLAND,45352,21070,6312,1340,1295,3707,4250,425,3159,17160,28936
2023-07-26,ID001,COMPANY A,,CHINA,59610,47513,9837,7116,8476,7588,905,91,11885,9795,22919
2023-07-26,ID003,COMPANY C,,CAMEROON,41898,89445,8175,3373,4490,3012,1997,200,17305,5409,16924
2023-07-24,ID004,COMPANY D,,MOROCCO,86376,45285,3421,3223,9207,276,5467,547,12874,1509,48718
2023-07-24,ID004,COMPANY D,,ARGENTINA,15589,64114,9903,3732,8167,8557,1254,125,13170,16802,45875
2023-07-23,ID002,COMPANY B,,CHINA,97638,12427,8616,9791,8638,5202,921,92,5775,6285,33741
2023-07-23,ID003,COMPANY C,,INDONESIA,40304,68234,4382,3635,9150,6235,9957,996,12941,10056,39515
2023-07-23,ID003,COMPANY C,,BRAZIL,34441,87563,6267,8604,2825,4134,488,49,11019,1301,43254
2023-07-23,ID003,COMPANY C,,PHILIPPINES,87811,49522,2450,7679,4019,2969,5145,515,8057,12948,15427
2023-07-22,ID001,COMPANY A,,CHINA,62030,54336,5369,3177,9326,9437,9649,965,16469,10183,11399
2023-07-22,ID002,COMPANY B,,POLAND,14217,88241,6727,5785,1281,861,6002,600,10642,8498,49090
2023-07-22,ID003,COMPANY C,,CHINA,39114,44786,3828,7392,6114,8583,4586,459,9216,18254,7436
2023-07-21,ID002,COMPANY B,,INDONESIA,71207,58494,8471,1716,6522,9378,1377,138,17544,5808,35180
2023-07-21,ID002,COMPANY B,,KAZAKHSTAN,73076,93174,4900,8094,198,474,7781,778,16332,10093,1129
2023-07-21,ID003,COMPANY C,PROVENCE-ALPES-CÔTE D'AZUR,FRANCE,34680,64695,1801,3139,9905,9713,4277,428,6834,12594,21815
2023-07-21,ID004,COMPANY D,,CHINA,33600,78794,2818,2539,3890,2737,6554,655,1098,998,42334
2023-07-21,ID004,COMPANY D,,CHINA,47802,93435,2528,6170,6757,411,4595,460,566,1459,22159
2023-07-20,ID002,COMPANY B,,BRAZIL,35052,78409,1188,2623,8722,1980,3732,373,5508,10219,2208
2023-07-19,ID001,COMPANY A,,CZECH REPUBLIC,42663,10698,7059,2054,4290,4215,2024,202,19343,13381,47136
2023-07-19,ID002,COMPANY B,,PALESTINIAN TERRITORY,71587,22365,9687,4098,3016,8195,9225,923,5024,281,173
2023-07-18,ID003,COMPANY C,ALBERTA,CANADA,64960,38735,4408,2659,496,371,4523,452,4814,13737,3519
2023-07-17,ID002,COMPANY B,,RUSSIA,49079,14521,9661,9070,539,2166,6488,649,11035,11838,29096
2023-07-16,ID001,COMPANY A,,INDONESIA,94168,47003,9247,6926,5772,8944,783,78,13322,5206,9608
2023-07-16,ID003,COMPANY C,,CZECH REPUBLIC,76164,84176,8561,6172,834,8595,5768,577,1117,15706,39974
2023-07-16,ID003,COMPANY C,,COLOMBIA,92162,33427,5396,4057,8555,7171,2338,234,187,14476,14481
2023-07-15,ID003,COMPANY C,,CHINA,85264,32312,8762,8710,8620,706,6310,631,13499,14414,34975
2023-07-13,ID002,COMPANY B,,PHILIPPINES,99831,35385,8171,3652,4814,138,2013,201,8445,14581,17432
2023-07-12,ID002,COMPANY B,,INDONESIA,79581,38550,6508,4263,3968,6811,8406,841,8222,10349,10921
2023-07-11,ID004,COMPANY D,,PHILIPPINES,36792,57464,3667,9215,6190,67,2787,279,17093,16395,20336
2023-07-11,ID004,COMPANY D,,CHINA,18236,56052,5745,6126,2312,3493,6048,605,3368,17115,6814
2023-07-10,ID004,COMPANY D,,PERU,12953,75997,6305,9267,3360,6940,9637,964,10787,12501,13175
2023-07-09,ID001,COMPANY A,,UKRAINE,73890,55113,5874,7577,9688,680,2786,279,10993,6916,22845
2023-07-08,ID003,COMPANY C,CENTRE,FRANCE,65423,67916,5670,5886,6444,8145,4216,422,12128,19737,3626
2023-07-07,ID002,COMPANY B,RHÔNE-ALPES,FRANCE,89932,41308,8114,4445,8003,4257,659,66,13422,15481,16894
2023-07-06,ID001,COMPANY A,,CZECH REPUBLIC,15302,44729,7777,4644,7471,3299,4027,403,4333,13942,49634
2023-07-06,ID004,COMPANY D,,MONGOLIA,40116,46754,4316,5665,5821,5378,6204,620,11293,14182,22670
2023-07-01,ID001,COMPANY A,STOCKHOLM,SWEDEN,29837,90009,9675,4620,439,6393,8853,885,17838,19594,32623
2023-07-01,ID003,COMPANY C,,RUSSIA,65071,47304,9531,213,1543,7645,4249,425,10877,13381,35788
2023-07-01,ID003,COMPANY C,,BULGARIA,65861,64612,3761,2242,1863,885,6001,600,12784,8290,10959
2023-07-01,ID004,COMPANY D,,CHINA,21116,13376,1414,2375,740,5535,2108,211,10889,12777,13401
2023-07-01,ID004,COMPANY D,,CHINA,13173,67569,6418,5777,7883,9147,5821,582,14047,10204,25718
2023-06-30,ID002,COMPANY B,,INDONESIA,99185,82124,1181,1074,7697,503,6372,637,12232,17928,31801
2023-06-30,ID003,COMPANY C,,RUSSIA,65772,80678,9155,9489,1439,2770,4442,444,6159,1202,2483
2023-06-29,ID001,COMPANY A,,BANGLADESH,92764,33125,2973,3572,6846,7286,3526,353,14739,1076,6890
2023-06-29,ID004,COMPANY D,,SLOVENIA,53382,43189,1507,5078,2227,7487,6283,628,13298,1787,29393
2023-06-29,ID004,COMPANY D,,UKRAINE,32224,42143,5802,66,6778,6926,6890,689,10549,1450,18045
2023-06-28,ID001,COMPANY A,,INDONESIA,24548,18575,5175,4321,2568,6677,6263,626,14781,8680,23361
2023-06-27,ID001,COMPANY A,BRETAGNE,FRANCE,13381,79286,4823,5324,4215,373,8768,877,7750,15761,33121
2023-06-25,ID001,COMPANY A,,BRAZIL,89991,15807,3206,5936,1806,2429,4725,473,5689,8284,3394
2023-06-24,ID001,COMPANY A,,VENEZUELA,17197,43851,1663,4970,2612,3327,1110,111,704,15693,8449
2023-06-24,ID001,COMPANY A,,RUSSIA,10120,98080,2243,183,1829,7764,780,78,19452,2133,29159
2023-06-24,ID003,COMPANY C,,CROATIA,73526,46582,9080,2815,3573,8811,9395,940,17380,718,2953
2023-06-22,ID002,COMPANY B,,CHINA,59207,17197,3290,8395,1482,2156,7765,777,579,7691,5960
2023-06-21,ID001,COMPANY A,,INDONESIA,32684,45983,1781,5395,7624,2903,7990,799,2201,9328,19841
2023-06-21,ID002,COMPANY B,,CHINA,91079,13991,5517,2415,7047,9050,1866,187,8420,8837,14671
2023-06-21,ID004,COMPANY D,,PHILIPPINES,41956,51854,1782,1451,5134,5342,8715,872,4592,18335,48598
2023-06-17,ID001,COMPANY A,,GHANA,45754,41077,6222,7936,6811,7063,1090,109,11408,18865,47931
2023-06-16,ID001,COMPANY A,,CHINA,56731,92755,3829,4953,7513,6108,9232,923,13023,1995,40968
2023-06-15,ID004,COMPANY D,,NIGERIA,75511,58151,6355,354,2532,165,4145,415,2517,8375,22067
2023-06-12,ID001,COMPANY A,,CYPRUS,28564,59547,5495,382,7249,4982,7424,742,7624,17797,44683
2023-06-12,ID002,COMPANY B,,BRAZIL,14880,60965,8674,5439,3190,1242,7897,790,4882,7935,31151
2023-06-11,ID001,COMPANY A,ÎLE-DE-FRANCE,FRANCE,92131,48683,2356,7221,47,603,2095,210,12259,4457,30607
2023-06-11,ID001,COMPANY A,,INDONESIA,13567,92707,9650,2142,6172,9995,5394,539,14108,473,4061
2023-06-11,ID001,COMPANY A,,CHILE,15798,44036,1793,1925,3098,4024,3771,377,9240,3492,19311
2023-06-11,ID002,COMPANY B,,PAKISTAN,88484,97178,4967,823,6556,8580,9833,983,6050,3746,44554
2023-06-10,ID001,COMPANY A,,INDONESIA,14986,66394,1023,5996,9770,5965,1041,104,16716,1431,11810
2023-06-09,ID001,COMPANY A,,COLOMBIA,43540,93722,8035,5454,8055,3506,4258,426,19813,4824,39663
2023-06-07,ID004,COMPANY D,LISBOA,PORTUGAL,17876,72892,5230,1119,5338,2452,4087,409,18531,445,39431
2023-06-06,ID002,COMPANY B,,RUSSIA,86867,68777,6516,3387,9520,821,5005,501,18742,19883,18237
2023-06-05,ID001,COMPANY A,,PHILIPPINES,31909,34923,1953,3205,1881,9579,9506,951,6059,14485,21050
2023-06-04,ID004,COMPANY D,,CHINA,40379,88882,8519,8047,3533,9337,8198,820,8643,12182,39719
2023-06-03,ID002,COMPANY B,,CHINA,58491,58349,4474,2109,7527,4555,813,81,11246,502,10650
2023-06-02,ID002,COMPANY B,,INDONESIA,24074,33309,6367,5877,4394,1084,7870,787,5188,7342,26170
2023-05-31,ID003,COMPANY C,,CHINA,22170,57017,8071,6475,7109,6886,8142,814,10656,3648,46300
2023-05-30,ID004,COMPANY D,,PHILIPPINES,70762,31250,4188,7452,7184,785,1807,181,10963,10098,8704
